Scientific Name,Common Name,Species Group,Federal Listing Status
Acanthorutilus handlirschi,Cicek (minnow),Fishes,Endangered
Accipiter fasciatus natalis,Christmas Island goshawk,Birds,Endangered
Accipiter francesii pusillus,Anjouan Island sparrowhawk,Birds,Endangered
Accipiter gentilis laingi,Queen Charlotte goshawk,Birds,Threatened
Accipiter striatus venator,Puerto Rican sharp-shinned hawk,Birds,Endangered
Achatinella spp.,Oahu tree snails,Snails,Endangered
Acinonyx jubatus,Cheetah,Mammals,Endangered
Acipenser brevirostrum,Shortnose sturgeon,Fishes,Endangered
Acipenser medirostris,green sturgeon,Fishes,Threatened
Acipenser mikadoi,Sakhalin sturgeon,Fishes,Endangered
Acipenser naccarii,Adriatic sturgeon,Fishes,Endangered
Acipenser oxyrinchus (=oxyrhynchus) desotoi,Atlantic sturgeon (Gulf subspecies),Fishes,Threatened
Acipenser oxyrinchus oxyrinchus,Atlantic sturgeon,Fishes,Endangered
Acipenser oxyrinchus oxyrinchus,Atlantic sturgeon,Fishes,Endangered
Acipenser oxyrinchus oxyrinchus,Atlantic sturgeon,Fishes,Endangered
Acipenser oxyrinchus oxyrinchus,Atlantic sturgeon,Fishes,Endangered
Acipenser oxyrinchus oxyrinchus,Atlantic sturgeon,Fishes,Threatened
Acipenser sinensis,Chinese sturgeon,Fishes,Endangered
Acipenser sturio,European sturgeon,Fishes,Endangered
Acipenser transmontanus,White sturgeon,Fishes,Endangered
Acrocephalus familiaris kingi,Nihoa millerbird (old world warbler),Birds,Endangered
Acrocephalus luscinia,Nightingale reed warbler (old world warbler),Birds,Endangered
Acrocephalus percernis aquilonis,Eiao Marquesas reed-Warbler,Birds,Endangered
Acropora cervicornis,Staghorn coral,Corals,Threatened
Acropora globiceps,No common name,Corals,Threatened
Acropora jacquelinae,No common name,Corals,Threatened
Acropora lokani,No common name,Corals,Threatened
Acropora palmata,Elkhorn coral,Corals,Threatened
Acropora pharaonis,No common name,Corals,Threatened
Acropora retusa,No common name,Corals,Threatened
Acropora rudis,No common name,Corals,Threatened
Acropora speciosa,No common name,Corals,Threatened
Acropora tenella,No common name,Corals,Threatened
Addax nasomaculatus,Addax,Mammals,Endangered
Adelocosa anops,Kauai cave wolf or pe'e pe'e maka 'ole spider,Arachnids,Endangered
Aepyceros melampus petersi,Black-faced impala,Mammals,Endangered
Aerodramus vanikorensis bartschi,Mariana gray swiftlet,Birds,Endangered
Agelaius xanthomus,Yellow-shouldered blackbird,Birds,Endangered
Agelastes meleagrides,White-breasted guineafowl,Birds,Threatened
Ailuropoda melanoleuca,Giant panda,Mammals,Endangered
Akialoa stejnegeri,Kauai akialoa (honeycreeper),Birds,Endangered
Alasmidonta atropurpurea,Cumberland elktoe,Clams,Endangered
Alasmidonta heterodon,Dwarf wedgemussel,Clams,Endangered
Alasmidonta raveneliana,Appalachian elktoe,Clams,Endangered
Alauda razae,Raso lark,Birds,Endangered
Alcelaphus buselaphus swaynei,Swayne's hartebeest,Mammals,Endangered
Alcelaphus buselaphus tora,Tora hartebeest,Mammals,Endangered
Alethe choloensis,Thyolo alethe,Birds,Endangered
Alligator mississippiensis,American alligator,Reptiles,Similarity of Appearance to a Threatened Taxon
Alligator sinensis,Chinese alligator,Reptiles,Endangered
Alouatta palliata,Mantled howler monkey,Mammals,Endangered
Alouatta pigra,Black howler monkey,Mammals,Threatened
Amazilia luciae,Honduran emerald hummingbird,Birds,Endangered
Amazona arausiaca,Red-necked parrot,Birds,Endangered
Amazona brasiliensis,Red-tailed parrot,Birds,Endangered
Amazona collaria,Yellow-billed parrot,Birds,Threatened
Amazona guildingii,St Vincent parrot,Birds,Endangered
Amazona imperialis,Imperial parrot,Birds,Endangered
Amazona leucocephala,Bahaman or Cuban parrot,Birds,Endangered
Amazona pretrei pretrei,Red-spectacled parrot,Birds,Endangered
Amazona rhodocorytha,Red-browed parrot,Birds,Endangered
Amazona versicolor,St. Lucia parrot,Birds,Endangered
Amazona vinacea,Vinaceous-breasted parrot,Birds,Endangered
Amazona vittata,Puerto Rican parrot,Birds,Endangered
Amblema neislerii,Fat threeridge (mussel),Clams,Endangered
Amblyopsis rosae,Ozark cavefish,Fishes,Threatened
Ambrysus amargosus,Ash Meadows naucorid,Insects,Threatened
Ambystoma bishopi,Reticulated flatwoods salamander,Amphibians,Endangered
Ambystoma californiense,California tiger Salamander,Amphibians,Endangered
Ambystoma californiense,California tiger Salamander,Amphibians,Endangered
Ambystoma californiense,California tiger Salamander,Amphibians,Threatened
Ambystoma cingulatum,Frosted Flatwoods salamander,Amphibians,Threatened
Ambystoma macrodactylum croceum,Santa Cruz long-toed salamander,Amphibians,Endangered
Ambystoma tigrinum stebbinsi,Sonora tiger Salamander,Amphibians,Endangered
Ameiva polops,St. Croix ground lizard,Reptiles,Endangered
Ammodorcas clarkei,Clark's gazelle,Mammals,Endangered
Ammodramus maritimus mirabilis,Cape Sable seaside sparrow,Birds,Endangered
Ammodramus savannarum floridanus,Florida grasshopper sparrow,Birds,Endangered
Amphispiza belli clementeae,San Clemente sage sparrow,Birds,Threatened
Amytornis goyderi,Eyrean grasswren (flycatcher),Birds,Endangered
Anacropora spinosa,No common name,Corals,Threatened
Anaea troglodyta floridalis,Florida leafwing Butterfly,Insects,Endangered
Anairetes alpinus,Ash-breasted tit-tyrant,Birds,Endangered
Anas aucklandica nesiotis,Campbell Island flightless teal,Birds,Endangered
Anas laysanensis,Laysan duck,Birds,Endangered
Anas wyvilliana,Hawaiian (=koloa) Duck,Birds,Endangered
Anaxyrus californicus,Arroyo (=arroyo southwestern) toad,Amphibians,Endangered
Anaxyrus canorus,Yosemite toad,Amphibians,Threatened
Andrias davidianus (=davidianus d.),Chinese giant salamander,Amphibians,Endangered
Andrias japonicus (=davidianus j.),Japanese giant salamander,Amphibians,Endangered
Anguispira picta,Painted snake coiled forest snail,Snails,Threatened
Anodorhynchus glaucus,Glaucous macaw,Birds,Endangered
Anodorhynchus leari,Indigo macaw,Birds,Endangered
Anolis roosevelti,Culebra Island giant anole,Reptiles,Endangered
Anoxypristis cuspidata,Narrow sawfish,Fishes,Endangered
Antechinomys laniger,Eastern jerboa marsupial,Mammals,Endangered
Antechinus apicalis,Dibbler,Mammals,Endangered
Antilocapra americana peninsularis,Peninsular pronghorn,Mammals,Endangered
Antilocapra americana sonoriensis,Sonoran pronghorn,Mammals,Endangered
Antilocapra americana sonoriensis,Sonoran pronghorn,Mammals,"Experimental Population, Non-Essential"
Antrobia culveri,Tumbling Creek cavesnail,Snails,Endangered
Antrolana lira,Madison Cave isopod,Crustaceans,Threatened
Aonyx congicus (=congica) microdon,Cameroon clawless otter,Mammals,Endangered
Aphelocoma coerulescens,Florida scrub-jay,Birds,Threatened
Aplodontia rufa nigra,Point Arena mountain beaver,Mammals,Endangered
Aplonis pelzelni,Ponape mountain starling,Birds,Endangered
Apodemia mormo langei,Lange's metalmark butterfly,Insects,Endangered
Aproteles bulmerae,Bulmer's fruit bat (=flying fox),Mammals,Endangered
Aquila heliaca adalberti,Spanish imperial eagle,Birds,Endangered
Ara ambiguus,Great green macaw,Birds,Endangered
Ara glaucogularis,Blue-throated macaw,Birds,Endangered
Ara militaris,Military macaw,Birds,Endangered
Aratinga guarouba,Golden parakeet,Birds,Endangered
Arcanator orostruthus,Dappled mountain robin,Birds,Threatened
Arctocephalus townsendi,Guadalupe fur seal,Mammals,Threatened
Ardeotis (=Choriotis) nigriceps,Great Indian bustard,Birds,Endangered
Arkansia wheeleri,Ouachita rock pocketbook,Clams,Endangered
Assiminea pecos,Pecos assiminea snail,Snails,Endangered
Ateles geoffroyi frontatus,Spider monkey,Mammals,Endangered
Ateles geoffroyl panamensis,Spider monkey,Mammals,Endangered
Atelopus varius zeteki,Panamanian golden frog,Amphibians,Endangered
Athearnia anthonyi,Anthony's riversnail,Snails,Endangered
Athearnia anthonyi,Anthony's riversnail,Snails,"Experimental Population, Non-Essential"
Athearnia anthonyi,Anthony's riversnail,Snails,"Experimental Population, Non-Essential"
Atrichornis clamosus,Noisy scrub-bird,Birds,Endangered
Avahi laniger (entire genus),Avahi,Mammals,Endangered
Axis porcinus annamiticus,Indochina hog deer,Mammals,Endangered
Axis porcinus calamianensis,Calamianes (=Philippine) deer,Mammals,Endangered
Axis porcinus kuhli,Kuhl's (=Bawean) deer,Mammals,Endangered
Aythya innotata,Madagascar pochard,Birds,Endangered
Babyrousa babyrussa,Babirusa,Mammals,Endangered
Balaena mysticetus,Bowhead whale,Mammals,Endangered
Balaenoptera borealis,Sei whale,Mammals,Endangered
Balaenoptera musculus,Blue whale,Mammals,Endangered
Balaenoptera physalus,Finback whale,Mammals,Endangered
Batagur baska,River terrapin,Reptiles,Endangered
Batrachoseps aridus,Desert slender salamander,Amphibians,Endangered
Batrisodes texanus,Coffin Cave mold beetle,Insects,Endangered
Batrisodes venyivi,Helotes mold beetle,Insects,Endangered
Bebrornis rodericanus,Rodrigues warbler (old world warbler),Birds,Endangered
Bebrornis sechellensis,Seychelles warbler (old world warbler),Birds,Endangered
Bettongia gaimardi,Gaimard's rat-kangaroo,Mammals,Endangered
Bettongia lesueur,Lesueur's rat-kangaroo,Mammals,Endangered
Bettongia penicillata,Brush-tailed rat-kangaroo,Mammals,Endangered
Bettongia tropica,Queensland rat-kangaroo,Mammals,Endangered
Bison bison athabascae,Wood Bison,Mammals,Threatened
Blastocerus dichotomus,Marsh deer,Mammals,Endangered
Boloria acrocnema,Uncompahgre fritillary butterfly,Insects,Endangered
Bolyeria multocarinata,Round Island bolyeria boa,Reptiles,Endangered
Bombus affinis,Rusty patched bumble bee,Insects,Endangered
Bos gaurus,Seledang,Mammals,Endangered
Bos javanicus,Banteng,Mammals,Endangered
Bos mutus (=grunniens m.),Wild yak,Mammals,Endangered
Bos sauveli,Kouprey,Mammals,Endangered
Brachylagus idahoensis,Columbia Basin Pygmy Rabbit,Mammals,Endangered
Brachylophus fasciatus,Fiji banded iguana,Reptiles,Endangered
Brachylophus vitiensis,Fiji crested iguana,Reptiles,Endangered
Brachyramphus marmoratus,Marbled murrelet,Birds,Threatened
Brachyteles arachnoides,Woolly spider monkey,Mammals,Endangered
Bradypus torquatus,Brazilian three-toed sloth,Mammals,Endangered
Branchinecta conservatio,Conservancy fairy shrimp,Crustaceans,Endangered
Branchinecta longiantenna,Longhorn fairy shrimp,Crustaceans,Endangered
Branchinecta lynchi,Vernal pool fairy shrimp,Crustaceans,Threatened
Branchinecta sandiegonensis,San Diego fairy shrimp,Crustaceans,Endangered
Branta (=Nesochen) sandvicensis,Hawaiian goose,Birds,Endangered
Brychius hungerfordi,Hungerford's crawling water Beetle,Insects,Endangered
Bubalus depressicornis,Lowland anoa,Mammals,Endangered
Bubalus mindorensis,Tamaraw,Mammals,Endangered
Bubalus quarlesi,Mountain anoa,Mammals,Endangered
Buceros (=Rhinoplax) vigil,Helmeted hornbill,Birds,Endangered
Bufo hemiophrys baxteri,Wyoming Toad,Amphibians,Endangered
Bufo houstonensis,Houston toad,Amphibians,Endangered
Bufo periglenes,Monte Verde golden toad,Amphibians,Endangered
Bufo superciliaris,Cameroon toad,Amphibians,Endangered
Burramys parvus,Mountain pygmy possum,Mammals,Endangered
Buteo galapagoensis,Galapagos hawk,Birds,Endangered
Buteo platypterus brunnescens,Puerto Rican broad-winged hawk,Birds,Endangered
Buteo solitarius,Hawaiian (='lo) Hawk,Birds,Endangered
Cacajao spp.,Uakari (all species),Mammals,Endangered
Cacatua alba,White cockatoo,Birds,Threatened
Cacatua haematuropygia,Philippine cockatoo,Birds,Endangered
Cacatua moluccensis,Salmon-crested cockatoo,Birds,Threatened
Cacatua sulphurea,Yellow-crested cockatoo,Birds,Endangered
Caiman crocodilus apaporiensis,Apaporis River caiman,Reptiles,Endangered
Caiman crocodilus crocodilus,Common caiman,Reptiles,Similarity of Appearance to a Threatened Taxon
Caiman crocodilus fuscus (includes Caiman crocodilus chiapasius),Brown Caiman,Reptiles,Similarity of Appearance to a Threatened Taxon
Caiman latirostris,Broad-snouted caiman,Reptiles,Endangered
Caiman latirostris,Broad-snouted caiman,Reptiles,Threatened
Caiman yacare,Yacare Caiman,Reptiles,Threatened
Cairina scutulata,White-winged wood duck,Birds,Endangered
Calidris canutus rufa,Red knot,Birds,Threatened
Callaeas cinerea,Kokako (wattlebird),Birds,Endangered
Callimico goeldii,Goeldi's marmoset,Mammals,Endangered
Callithrix aurita (=jacchus a.),White-eared (=buffy tufted-ear) marmoset,Mammals,Endangered
Callithrix flaviceps,Buff-headed marmoset,Mammals,Endangered
Callophrys mossii bayensis,San Bruno elfin butterfly,Insects,Endangered
Caloprymnus campestris,Desert (=plain) rat-kangaroo,Mammals,Endangered
Camarhynchus pauper,Floreana tree-Finch,Birds,Endangered
Cambarus aculabrum,Cave crayfish,Crustaceans,Endangered
Cambarus callainus,Big Sandy crayfish,Crustaceans,Threatened
Cambarus veteranus,Guyandotte River crayfish,Crustaceans,Endangered
Cambarus zophonastes,Cave crayfish,Crustaceans,Endangered
Camelus bactrianus,Bactrian camel,Mammals,Endangered
Campeloma decampi,Slender campeloma,Snails,Endangered
Campephilus imperialis,Imperial woodpecker,Birds,Endangered
Campephilus principalis,Ivory-billed woodpecker,Birds,Endangered
Canis lupus,Gray wolf,Mammals,Endangered
Canis lupus,Gray wolf,Mammals,Threatened
Canis lupus baileyi,Mexican wolf,Mammals,Endangered
Canis lupus baileyi,Mexican wolf,Mammals,"Experimental Population, Non-Essential"
Canis rufus,Red wolf,Mammals,Endangered
Canis rufus,Red wolf,Mammals,"Experimental Population, Non-Essential"
Canis simensis,Simien fox,Mammals,Endangered
Capra falconeri (=aegragrus) chiltanensis,Chiltan (=wild goat) markhor,Mammals,Endangered
Capra falconeri megaceros,Straight-horned markhor,Mammals,Threatened
Capra pyrenaica pyrenaica,Pyrenean ibex,Mammals,Endangered
Capra walie,Walia ibex,Mammals,Endangered
Caprimulgus noctitherus,Puerto Rican nightjar,Birds,Endangered
Caprolagus hispidus,Hispid hare,Mammals,Endangered
Capromys angelcabrerai,Cabrera's hutia,Mammals,Endangered
Capromys auritus,Large-eared hutia,Mammals,Endangered
Capromys nana,Dwarf hutia,Mammals,Endangered
Capromys sanfelipensis,Little earth hutia,Mammals,Endangered
Carduelis cucullata,Red siskin,Birds,Endangered
Caretta caretta,Loggerhead sea turtle,Reptiles,Threatened
Caretta caretta,Loggerhead sea turtle,Reptiles,Endangered
Caretta caretta,Loggerhead sea turtle,Reptiles,Endangered
Caretta caretta,Loggerhead sea turtle,Reptiles,Endangered
Caretta caretta,Loggerhead sea turtle,Reptiles,Endangered
Caretta caretta,Loggerhead sea turtle,Reptiles,Endangered
Caretta caretta,Loggerhead sea turtle,Reptiles,Threatened
Caretta caretta,Loggerhead sea turtle,Reptiles,Threatened
Caretta caretta,Loggerhead sea turtle,Reptiles,Threatened
Casarea dussumieri,Round Island casarea boa,Reptiles,Endangered
Castor fiber birulai,Beaver (Mongolian),Mammals,Endangered
Catopuma (=Felis) temminckii,Asian golden (=Temmnick's) cat,Mammals,Endangered
Catostomus discobolus yarrowi,Zuni bluehead Sucker,Fishes,Endangered
Catostomus santaanae,Santa Ana sucker,Fishes,Threatened
Catostomus warnerensis,Warner sucker,Fishes,Threatened
Catreus wallichii,Cheer pheasant,Birds,Endangered
Centrocercus minimus,Gunnison sage-grouse,Birds,Threatened
Cephalophus jentinki,Jentink's duiker,Mammals,Endangered
Ceratotherium simum cottoni,Northern white rhinoceros,Mammals,Endangered
Ceratotherium simum ssp. simum,Southern white rhinoceros,Mammals,Similarity of Appearance to a Threatened Taxon
Cercocebus galeritus galeritus,Tana River mangabey,Mammals,Endangered
Cercocebus torquatus,White-collared mangabey,Mammals,Endangered
Cercopithecus diana,Diana monkey,Mammals,Endangered
Cercopithecus erythrogaster,Red-bellied monkey,Mammals,Endangered
Cercopithecus erythrotis,Red-eared nose-spotted monkey,Mammals,Endangered
Cercopithecus lhoesti,L'hoest's monkey,Mammals,Endangered
Cervus alfredi,Visayan deer,Mammals,Endangered
Cervus duvauceli,Swamp deer,Mammals,Endangered
Cervus elaphus bactrianus,Bactrian deer,Mammals,Endangered
Cervus elaphus barbarus,Barbary stag,Mammals,Endangered
Cervus elaphus barbarus,Barbary deer,Mammals,Endangered
Cervus elaphus corsicanus,Corsican red deer,Mammals,Endangered
Cervus elaphus hanglu,Kashmir stag,Mammals,Endangered
Cervus elaphus macneilii,McNeill's deer,Mammals,Endangered
Cervus elaphus wallichi,Shou,Mammals,Endangered
Cervus elaphus yarkandensis,Yarkand deer,Mammals,Endangered
Cervus eldi,Eld's brow-antlered Deer,Mammals,Endangered
Cervus nippon grassianus,Shansi sika deer,Mammals,Endangered
Cervus nippon keramae,Ryukyu sika deer,Mammals,Endangered
Cervus nippon kopschi,South China sika deer,Mammals,Endangered
Cervus nippon mandarinus,North China sika deer,Mammals,Endangered
Cervus nippon taiouanus,Formosan sika deer,Mammals,Endangered
Chaeropus ecaudatus,Pig-footed bandicoot,Mammals,Endangered
Chaetocercus berlepschi,Esmeraldas woodstar,Birds,Endangered
Chaetomys subspinosus,Thin-spined porcupine,Mammals,Endangered
Charadrius alexandrinus nivosus,Western snowy plover,Birds,Threatened
Charadrius melodus,Piping Plover,Birds,Endangered
Charadrius melodus,Piping Plover,Birds,Threatened
Chasiempis ibidis,Oahu elepaio,Birds,Endangered
Chasmistes brevirostris,Shortnose Sucker,Fishes,Endangered
Chasmistes cujus,Cui-ui,Fishes,Endangered
Chasmistes liorus,June sucker,Fishes,Endangered
Chelonia mydas,Green sea turtle,Reptiles,Endangered
Chelonia mydas,Green sea turtle,Reptiles,Endangered
Chelonia mydas,Green sea turtle,Reptiles,Endangered
Chelonia mydas,Green sea turtle,Reptiles,Threatened
Chelonia mydas,Green sea turtle,Reptiles,Threatened
Chelonia mydas,Green sea turtle,Reptiles,Threatened
Chelonia mydas,Green sea turtle,Reptiles,Threatened
Chelonia mydas,Green sea turtle,Reptiles,Threatened
Chelonia mydas,Green sea turtle,Reptiles,Threatened
Chelonia mydas,Green sea turtle,Reptiles,Threatened
Chelonia mydas,Green sea turtle,Reptiles,Threatened
Chinchilla brevicaudata boliviana,Chinchilla,Mammals,Endangered
Chiropotes albinasus,White-nosed saki,Mammals,Endangered
Chiropotes satanas satanas,Southern bearded saki,Mammals,Endangered
Chlamyphorus truncatus,Pink fairy armadillo,Mammals,Endangered
Chondrohierax uncinatus mirus,Grenada hook-billed kite,Birds,Endangered
Chondrohierax uncinatus wilsonii,Cuba hook-billed kite,Birds,Endangered
Chrosomus saylori,Laurel dace,Fishes,Endangered
Chrysocyon brachyurus,Maned wolf,Mammals,Endangered
Cichlherminia iherminieri santaeluciae,St. Lucia Forest thrush,Birds,Endangered
Cicindela dorsalis dorsalis,Northeastern beach tiger beetle,Insects,Threatened
Cicindela nevadica lincolniana,Salt Creek Tiger beetle,Insects,Endangered
Cicindela ohlone,Ohlone tiger beetle,Insects,Endangered
Cicindela puritana,Puritan tiger beetle,Insects,Threatened
Cicindelidia floridana,Miami tiger beetle,Insects,Endangered
Ciconia boyciana (=ciconia b.),Oriental white stork,Birds,Endangered
Cicurina baronia,Robber Baron Cave Meshweaver,Arachnids,Endangered
Cicurina madla,Madla's Cave Meshweaver,Arachnids,Endangered
Cicurina venii,Braken Bat Cave Meshweaver,Arachnids,Endangered
Cicurina vespera,Government Canyon Bat Cave Meshweaver,Arachnids,Endangered
Cinclocerthia ruficauda gutturalis,Martinique trembler (thrasher),Birds,Endangered
Cinclodes aricomae,Royal cinclodes,Birds,Endangered
Clemmys muhlenbergii,bog turtle,Reptiles,Similarity of Appearance to a Threatened Taxon
Clemmys muhlenbergii,bog turtle,Reptiles,Threatened
Cnemidophorus vanzoi,Maria Island ground lizard,Reptiles,Endangered
Coccyzus americanus,Yellow-billed Cuckoo,Birds,Threatened
Colinus virginianus ridgwayi,Masked bobwhite (quail),Birds,Endangered
Colobus satanas,Black colobus monkey,Mammals,Endangered
Columba inornata wetmorei,Puerto Rican plain Pigeon,Birds,Endangered
Columba junoniae,White-tailed laurel Pigeon,Birds,Threatened
Columba mayeri,Pink pigeon,Birds,Endangered
Columba palumbus azorica,Azores wood pigeon,Birds,Endangered
Conolophus pallidus,Barrington land iguana,Reptiles,Endangered
Conraua goliath,Goliath Frog,Amphibians,Threatened
Copsychus niger cebuensis,Cebu black shama (thrush),Birds,Endangered
Copsychus sechellarum,Seychelles magpie-robin (thrush),Birds,Endangered
Coquus newtoni,Reunion cuckoo-shrike,Birds,Endangered
Coquus typicus,Mauritius cuckoo-shrike,Birds,Endangered
Coracopsis nigra barklyi,Seychelles lesser vasa parrot,Birds,Endangered
Coreobagrus ichikawai,Nekogigi (catfish),Fishes,Endangered
Corvus hawaiiensis,Hawaiian (='alala) Crow,Birds,Endangered
Corvus kubaryi,Mariana (=aga) Crow,Birds,Endangered
Corvus leucognaphalus,White-necked crow,Birds,Endangered
Corynorhinus (=Plecotus) townsendii ingens,Ozark big-eared bat,Mammals,Endangered
Corynorhinus (=Plecotus) townsendii virginianus,Virginia big-eared bat,Mammals,Endangered
Cotinga maculata,Banded cotinga,Birds,Endangered
Cottus paulus (=pygmaeus),Pygmy Sculpin,Fishes,Threatened
Cottus specus,Grotto Sculpin,Fishes,Endangered
Craseonycteris thonglongyai,Bumblebee bat,Mammals,Endangered
Crax alberti,Blue-billed curassow,Birds,Endangered
Crax blumenbachii,Red-billed curassow,Birds,Endangered
Crenichthys baileyi baileyi,White River springfish,Fishes,Endangered
Crenichthys baileyi grandis,Hiko White River springfish,Fishes,Endangered
Crenichthys nevadae,Railroad Valley springfish,Fishes,Threatened
Crocodylus acutus,American crocodile,Reptiles,Endangered
Crocodylus acutus,American crocodile,Reptiles,Threatened
Crocodylus cataphractus,African slender-snouted crocodile,Reptiles,Endangered
Crocodylus intermedius,Orinoco crocodile,Reptiles,Endangered
Crocodylus niloticus,Nile crocodile,Reptiles,Threatened
Crocodylus novaeguineae mindorensis,Philippine crocodile,Reptiles,Endangered
Crocodylus palustris kimbula,Ceylon mugger crocodile,Reptiles,Endangered
Crocodylus palustris palustris,Mugger crocodile,Reptiles,Endangered
Crocodylus porosus,Saltwater crocodile,Reptiles,Endangered
Crocodylus porosus,Saltwater crocodile,Reptiles,Threatened
Crocodylus rhombifer,Cuban crocodile,Reptiles,Endangered
Crocodylus siamensis,Siamese crocodile,Reptiles,Endangered
Crossoptilon crossoptilon,White eared pheasant,Birds,Endangered
Crossoptilon mantchuricum,Brown eared pheasant,Birds,Endangered
Crotalus unicolor,Aruba Island rattlesnake,Reptiles,Threatened
Crotalus willardi obscurus,New Mexican ridge-nosed rattlesnake,Reptiles,Threatened
Cryptobranchus alleganiensis bishopi,Ozark Hellbender,Amphibians,Endangered
Crystallaria cincotta,diamond Darter,Fishes,Endangered
Cumberlandia monodonta,Spectaclecase (mussel),Clams,Endangered
Cuon alpinus,Dhole,Mammals,Endangered
Cyanopsitta spixii,Little blue macaw,Birds,Endangered
Cyanoramphus auriceps forbesi,Forbes' parakeet,Birds,Endangered
Cyanoramphus cookii (=novaezelandiae c.),Norfolk Island parakeet,Birds,Endangered
Cyclargus (=Hemiargus) thomasi bethunebakeri,Miami Blue Butterfly,Insects,Endangered
Cyclargus ammon,Nickerbean Blue Butterfly,Insects,Similarity of Appearance to a Threatened Taxon
Cyclura carinata bartschi,Mayaguana iguana,Reptiles,Threatened
Cyclura carinata carinata,Turks and Caicos iguana,Reptiles,Threatened
Cyclura collei,Jamaican iguana,Reptiles,Endangered
Cyclura cychlura cychlura,Andros Island ground iguana,Reptiles,Threatened
Cyclura cychlura figginsi,Exuma Island iguana,Reptiles,Threatened
Cyclura cychlura inornata,Allen's Cay iguana,Reptiles,Threatened
Cyclura lewisi,Grand Cayman ground iguana,Reptiles,Endangered
Cyclura nubila caymanensis,Cayman Brac ground iguana,Reptiles,Threatened
Cyclura nubila nubila,Cuban ground iguana,Reptiles,Threatened
Cyclura pinguis,Anegada ground iguana,Reptiles,Endangered
Cyclura rileyi cristata,White Cay ground iguana,Reptiles,Threatened
Cyclura rileyi nuchalis,Acklins ground iguana,Reptiles,Threatened
Cyclura rileyi rileyi,Watling Island ground iguana,Reptiles,Endangered
Cyclura stejnegeri,Mona ground Iguana,Reptiles,Threatened
Cynomys mexicanus,Mexican prairie dog,Mammals,Endangered
Cynomys parvidens,Utah prairie dog,Mammals,Threatened
Cynoscion macdonaldi,Totoaba (seatrout or weakfish),Fishes,Endangered
Cyprinella caerulea,Blue shiner,Fishes,Threatened
Cyprinella formosa,Beautiful shiner,Fishes,Threatened
Cyprinodon bovinus,Leon Springs pupfish,Fishes,Endangered
Cyprinodon diabolis,Devils Hole pupfish,Fishes,Endangered
Cyprinodon elegans,Comanche Springs pupfish,Fishes,Endangered
Cyprinodon macularius,Desert pupfish,Fishes,Endangered
Cyprinodon nevadensis mionectes,Ash Meadows Amargosa pupfish,Fishes,Endangered
Cyprinodon nevadensis pectoralis,Warm Springs pupfish,Fishes,Endangered
Cyprinodon radiosus,Owens pupfish,Fishes,Endangered
Cyprogenia stegaria,Fanshell,Clams,Endangered
Cyprogenia stegaria,Fanshell,Clams,"Experimental Population, Non-Essential"
Cyrtodactylus serpensinsula,Serpent Island gecko,Reptiles,Threatened
Cyrtonaias tampicoensis tecomatensis,Tampico pearlymussel,Clams,Endangered
Cyrtonyx montezumae merriami,Merriam's Montezuma quail,Birds,Endangered
Dama mesopotamica (=dama m.),Persian fallow deer,Mammals,Endangered
Damaliscus pygarus (=dorcas) dorcas,Bontebok,Mammals,Endangered
Dasyornis broadbenti littoralis,Western rufous bristlebird,Birds,Endangered
Dasyornis longirostris (=brachypterus I.),Western bristlebird,Birds,Endangered
Dasyurus viverrinus,Eastern native-cat,Mammals,Endangered
Daubentonia madagascariensis,Aye-aye,Mammals,Endangered
Delphinapterus leucas,beluga whale,Mammals,Endangered
Deltistes luxatus,Lost River sucker,Fishes,Endangered
Dendrogyra cylindricus,Pillar Coral,Corals,Threatened
Dendroica chrysoparia,Golden-cheeked warbler (=wood),Birds,Endangered
Dendroica petechia petechia,Barbados yellow warbler (=wood),Birds,Endangered
Dermatemys mawii,Central American river turtle,Reptiles,Endangered
Dermochelys coriacea,Leatherback sea turtle,Reptiles,Endangered
Desmocerus californicus dimorphus,Valley elderberry longhorn beetle,Insects,Threatened
Dicerorhinus sumatrensis,Sumatran rhinoceros,Mammals,Endangered
Diceros bicornis,Black rhinoceros,Mammals,Endangered
Dinacoma caseyi,Casey's June Beetle,Insects,Endangered
Diomedia amsterdamensis,Amsterdam Albatross,Birds,Endangered
Dionda diaboli,Devils River minnow,Fishes,Threatened
Dipodomys heermanni morroensis,Morro Bay kangaroo rat,Mammals,Endangered
Dipodomys ingens,Giant kangaroo rat,Mammals,Endangered
Dipodomys merriami parvus,San Bernardino Merriam's kangaroo rat,Mammals,Endangered
Dipodomys nitratoides exilis,Fresno kangaroo rat,Mammals,Endangered
Dipodomys nitratoides nitratoides,Tipton kangaroo rat,Mammals,Endangered
Dipodomys stephensi (incl. D. cascus),Stephens' kangaroo rat,Mammals,Endangered
Discoglossus nigriventer,Israel painted frog,Amphibians,Endangered
Discus macclintocki,Iowa Pleistocene snail,Snails,Endangered
Drepanoptila holosericea,Cloven-feathered dove,Birds,Endangered
Dromus dromas,Dromedary pearlymussel,Clams,Endangered
Dromus dromas,Dromedary pearlymussel,Clams,"Experimental Population, Non-Essential"
Dromus dromas,Dromedary pearlymussel,Clams,"Experimental Population, Non-Essential"
Drosophila aglaia,Hawaiian picture-wing fly,Insects,Endangered
Drosophila differens,Hawaiian picture-wing fly,Insects,Endangered
Drosophila digressa,Hawaiian picture-wing fly,Insects,Endangered
Drosophila hemipeza,Hawaiian picture-wing fly,Insects,Endangered
Drosophila heteroneura,Hawaiian picture-wing fly,Insects,Endangered
Drosophila montgomeryi,Hawaiian picture-wing fly,Insects,Endangered
Drosophila mulli,Hawaiian picture-wing fly,Insects,Threatened
Drosophila musaphilia,Hawaiian picture-wing fly,Insects,Endangered
Drosophila neoclavisetae,Hawaiian picture-wing fly,Insects,Endangered
Drosophila obatai,Hawaiian picture-wing fly,Insects,Endangered
Drosophila ochrobasis,Hawaiian picture-wing fly,Insects,Endangered
Drosophila sharpi,Hawaiian picture-wing fly,Insects,Endangered
Drosophila substenoptera,Hawaiian picture-wing fly,Insects,Endangered
Drosophila tarphytrichia,Hawaiian picture-wing fly,Insects,Endangered
Drymarchon corais couperi,Eastern indigo snake,Reptiles,Threatened
Dryocopus javensis richardsi,Tristam's woodpecker,Birds,Endangered
Ducula galeata,Marquesas pigeon,Birds,Endangered
Ducula mindorensis,Mindoro imperial (=zone-tailed) pigeon,Birds,Endangered
Dugong dugon,Dugong,Mammals,Endangered
Egretta eulophotes,Chinese egret,Birds,Endangered
Elaphrus viridis,Delta green ground beetle,Insects,Threatened
Elassoma alabamae,Spring pygmy sunfish,Fishes,Threatened
Elephas maximus,Asian elephant,Mammals,Endangered
Eleutherodactylus cooki,Guajon,Amphibians,Threatened
Eleutherodactylus jasperi,Golden coqui,Amphibians,Threatened
Eleutherodactylus juanariveroi,Llanero Coqui,Amphibians,Endangered
Elimia crenatella,Lacy elimia (snail),Snails,Threatened
Elliptio chipolaensis,Chipola slabshell,Clams,Threatened
Elliptio spinosa,Altamaha Spinymussel,Clams,Endangered
Elliptio steinstansana,Tar River spinymussel,Clams,Endangered
Elliptoideus sloatianus,Purple bankclimber (mussel),Clams,Threatened
Emballonura semicaudata rotensis,Pacific sheath-tailed Bat,Mammals,Endangered
Emballonura semicaudata semicaudata,Pacific sheath-tailed Bat,Mammals,Endangered
Emoia slevini,Slevin's skink,Reptiles,Endangered
Empetrichthys latos,Pahrump poolfish,Fishes,Endangered
Empidonax euleri johnstonei,Euler's flycatcher,Birds,Endangered
Empidonax traillii extimus,Southwestern willow flycatcher,Birds,Endangered
Enhydra lutris kenyoni,Northern Sea Otter,Mammals,Threatened
Enhydra lutris nereis,Southern sea otter,Mammals,Threatened
Epicrates inornatus,Puerto Rican boa,Reptiles,Endangered
Epicrates monensis granti,Virgin Islands tree boa,Reptiles,Endangered
Epicrates monensis monensis,Mona boa,Reptiles,Threatened
Epicrates subflavus,Jamaican boa,Reptiles,Endangered
Epioblasma brevidens,Cumberlandian combshell,Clams,Endangered
Epioblasma brevidens,Cumberlandian combshell,Clams,"Experimental Population, Non-Essential"
Epioblasma brevidens,Cumberlandian combshell,Clams,"Experimental Population, Non-Essential"
Epioblasma capsaeformis,Oyster mussel,Clams,Endangered
Epioblasma capsaeformis,Oyster mussel,Clams,"Experimental Population, Non-Essential"
Epioblasma capsaeformis,Oyster mussel,Clams,"Experimental Population, Non-Essential"
Epioblasma florentina curtisii,Curtis pearlymussel,Clams,Endangered
Epioblasma florentina florentina,Yellow blossom (pearlymussel),Clams,Endangered
Epioblasma florentina florentina,Yellow blossom (pearlymussel),Clams,"Experimental Population, Non-Essential"
Epioblasma florentina walkeri (=E. walkeri),Tan riffleshell,Clams,Endangered
Epioblasma metastriata,Upland combshell,Clams,Endangered
Epioblasma obliquata obliquata,Purple Cat's paw (=Purple Cat's paw pearlymussel),Clams,Endangered
Epioblasma obliquata obliquata,Purple Cat's paw (=Purple Cat's paw pearlymussel),Clams,"Experimental Population, Non-Essential"
Epioblasma obliquata perobliqua,White catspaw (pearlymussel),Clams,Endangered
Epioblasma othcaloogensis,Southern acornshell,Clams,Endangered
Epioblasma penita,Southern combshell,Clams,Endangered
Epioblasma torulosa gubernaculum,Green blossom (pearlymussel),Clams,Endangered
Epioblasma torulosa rangiana,Northern riffleshell,Clams,Endangered
Epioblasma torulosa torulosa,Tubercled blossom (pearlymussel),Clams,Endangered
Epioblasma torulosa torulosa,Tubercled blossom (pearlymussel),Clams,"Experimental Population, Non-Essential"
Epioblasma triquetra,Snuffbox mussel,Clams,Endangered
Epioblasma turgidula,Turgid blossom (pearlymussel),Clams,Endangered
Epioblasma turgidula,Turgid blossom (pearlymussel),Clams,"Experimental Population, Non-Essential"
Equus africanus,African wild ass,Mammals,Endangered
Equus grevyi,Grevy's zebra,Mammals,Threatened
Equus hemionus,Asian wild ass,Mammals,Endangered
Equus przewalskii,Przewalski's horse,Mammals,Endangered
Equus zebra hartmannae,Hartmann's mountain zebra,Mammals,Threatened
Equus zebra zebra,Mountain zebra,Mammals,Endangered
Eremichthys acros,Desert dace,Fishes,Threatened
Eremophila alpestris strigata,Streaked Horned lark,Birds,Threatened
Eretmochelys imbricata,Hawksbill sea turtle,Reptiles,Endangered
Erignathus barbatus nauticus,bearded Seal,Mammals,Threatened
Erimonax monachus,Spotfin Chub,Fishes,Threatened
Erimonax monachus,Spotfin Chub,Fishes,"Experimental Population, Non-Essential"
Erimonax monachus,Spotfin Chub,Fishes,"Experimental Population, Non-Essential"
Erimonax monachus,Spotfin Chub,Fishes,"Experimental Population, Non-Essential"
Erimystax cahni,Slender chub,Fishes,Threatened
Erimystax cahni,Slender chub,Fishes,"Experimental Population, Non-Essential"
Erinna newcombi,Newcomb's snail,Snails,Threatened
Eriocnemis nigrivestis,black-breasted puffleg,Birds,Endangered
Eschrichtius robustus,Gray whale,Mammals,Endangered
Etheostoma boschungi,Slackwater darter,Fishes,Threatened
Etheostoma chermocki,Vermilion darter,Fishes,Endangered
Etheostoma chienense,Relict darter,Fishes,Endangered
Etheostoma etowahae,Etowah darter,Fishes,Endangered
Etheostoma fonticola,Fountain darter,Fishes,Endangered
Etheostoma moorei,Yellowcheek Darter,Fishes,Endangered
Etheostoma nianguae,Niangua darter,Fishes,Threatened
Etheostoma nuchale,Watercress darter,Fishes,Endangered
Etheostoma okaloosae,Okaloosa darter,Fishes,Threatened
Etheostoma percnurum,Duskytail darter,Fishes,Endangered
Etheostoma percnurum,Duskytail darter,Fishes,"Experimental Population, Non-Essential"
Etheostoma percnurum,Duskytail darter,Fishes,"Experimental Population, Non-Essential"
Etheostoma phytophilum,Rush Darter,Fishes,Endangered
Etheostoma rubrum,Bayou darter,Fishes,Threatened
Etheostoma scotti,Cherokee darter,Fishes,Threatened
Etheostoma sellare,Maryland darter,Fishes,Endangered
Etheostoma sp.,Bluemask (=jewel) Darter,Fishes,Endangered
Etheostoma spilotum,Kentucky arrow darter,Fishes,Threatened
Etheostoma susanae,Cumberland darter,Fishes,Endangered
Etheostoma wapiti,Boulder darter,Fishes,Endangered
Etheostoma wapiti,Boulder darter,Fishes,"Experimental Population, Non-Essential"
Eua zebrina,Snail [no common name],Snails,Endangered
Eubalaena australis,Southern Right Whale,Mammals,Endangered
Eubalaena glacialis,North Atlantic Right Whale,Mammals,Endangered
Eubalaena japonica,North Pacific Right Whale,Mammals,Endangered
Eucyclogobius newberryi,Tidewater goby,Fishes,Endangered
Eudyptes chrysocome,southern rockhopper penguin,Birds,Threatened
Eudyptes pachyrhynchus,fiordland crested penguin,Birds,Threatened
Eudyptes sclateri,erect-crested penguin,Birds,Threatened
Eudyptula albosignata,white-flippered penguin,Birds,Threatened
Eulidia yarrellii,Chilean woodstar,Birds,Endangered
Eumeces egregius lividus,Bluetail mole skink,Reptiles,Threatened
Eumetopias jubatus,Steller sea lion,Mammals,Endangered
Eumops floridanus,Florida bonneted bat,Mammals,Endangered
Euphilotes battoides allyni,El Segundo blue butterfly,Insects,Endangered
Euphilotes enoptes smithi,Smith's blue butterfly,Insects,Endangered
Euphydryas editha bayensis,Bay checkerspot butterfly,Insects,Threatened
Euphydryas editha quino (=E. e. wrighti),Quino checkerspot butterfly,Insects,Endangered
Euphydryas editha taylori,Taylor's (=whulge) Checkerspot,Insects,Endangered
Euphyllia paradivisa,No common name,Corals,Threatened
Euproserpinus euterpe,Kern primrose sphinx moth,Insects,Threatened
Eurycea chisholmensis,Salado Salamander,Amphibians,Threatened
Eurycea nana,San Marcos salamander,Amphibians,Threatened
Eurycea naufragia,Georgetown Salamander,Amphibians,Threatened
Eurycea sosorum,Barton Springs salamander,Amphibians,Endangered
Eurycea tonkawae,Jollyville Plateau Salamander,Amphibians,Threatened
Eurycea waterlooensis,Austin blind Salamander,Amphibians,Endangered
Eutrichomyias rowleyi,Caerulean Paradise flycatcher,Birds,Endangered
Eutriorchis astur,Madagascar serpent eagle,Birds,Endangered
Falco araea,Seychelles kestrel,Birds,Endangered
Falco femoralis septentrionalis,northern aplomado falcon,Birds,Endangered
Falco femoralis septentrionalis,northern aplomado falcon,Birds,"Experimental Population, Non-Essential"
Falco peregrinus peregrinus,Eurasian peregrine falcon,Birds,Endangered
Falco punctatus,Mauritius kestrel,Birds,Endangered
Felis jacobita,Andean cat,Mammals,Endangered
Felis margarita scheffeli,Pakistan sand cat,Mammals,Endangered
Felis nigripes,Black-footed cat,Mammals,Endangered
Felis pardina,Spanish lynx,Mammals,Endangered
Formicivora erythronotos,Black hooded (black-headed) antwren,Birds,Endangered
Foudia flavicans,Rodrigues fody,Birds,Endangered
Foudia rubra,Mauritius fody,Birds,Endangered
Foudia sechellarum,Seychelles fody (weaver-finch),Birds,Endangered
Francolinus ochropectus,Djibouti francolin,Birds,Endangered
Fregata andrewsi,Andrew's frigatebird,Birds,Endangered
Fulica americana alai,Hawaiian coot,Birds,Endangered
Fusconaia burkei,Tapered pigtoe,Clams,Threatened
Fusconaia cor,Shiny pigtoe,Clams,Endangered
Fusconaia cor,Shiny pigtoe,Clams,"Experimental Population, Non-Essential"
Fusconaia cor,Shiny pigtoe,Clams,"Experimental Population, Non-Essential"
Fusconaia cuneolus,Finerayed pigtoe,Clams,Endangered
Fusconaia cuneolus,Finerayed pigtoe,Clams,"Experimental Population, Non-Essential"
Fusconaia cuneolus,Finerayed pigtoe,Clams,"Experimental Population, Non-Essential"
Fusconaia escambia,Narrow pigtoe,Clams,Threatened
Fusconaia rotulata,Round Ebonyshell,Clams,Endangered
Gallicolumba stairi,Friendly Ground-Dove,Birds,Endangered
Gallinula chloropus guami,Mariana common moorhen,Birds,Endangered
Gallinula galeata sandvicensis,Hawaiian common gallinule,Birds,Endangered
Gallirallus (=Tricholimnas) sylvestris,Lord Howe wood rail,Birds,Endangered
Gallotia simonyi simonyi,Hierro giant lizard,Reptiles,Endangered
Gambelia silus,Blunt-nosed leopard lizard,Reptiles,Endangered
Gambusia gaigei,Big Bend gambusia,Fishes,Endangered
Gambusia georgei,San Marcos gambusia,Fishes,Endangered
Gambusia heterochir,Clear Creek gambusia,Fishes,Endangered
Gambusia nobilis,Pecos gambusia,Fishes,Endangered
Gammarus acherondytes,Illinois cave amphipod,Crustaceans,Endangered
Gammarus desperatus,Noel's Amphipod,Crustaceans,Endangered
Gammarus hyalleloides,Diminutive Amphipod,Crustaceans,Endangered
Gammarus pecos,Pecos amphipod,Crustaceans,Endangered
Gasterosteus aculeatus williamsoni,Unarmored threespine stickleback,Fishes,Endangered
Gavialis gangeticus,Gavial,Reptiles,Endangered
Gazella cuvieri,Mountain (=Cuvier's) gazelle,Mammals,Endangered
Gazella dama,Dama gazelle,Mammals,Endangered
Gazella dama lozanoi,Rio de Oro Dama gazelle,Mammals,Endangered
Gazella dama mhorr,Mhorr gazelle,Mammals,Endangered
Gazella dorcas massaesyla,Moroccan gazelle,Mammals,Endangered
Gazella dorcas pelzelni,Pelzeln's gazelle,Mammals,Endangered
Gazella dorcas saudiya,Saudi Arabian gazelle,Mammals,Endangered
Gazella gazella,Arabian gazelle,Mammals,Endangered
Gazella leptoceros,Slender-horned gazelle,Mammals,Endangered
Gazella subgutturosa marica,Sand gazelle,Mammals,Endangered
Geochelone nigra (=elephantopus),Galapagos tortoise,Reptiles,Endangered
Geochelone radiata,Madagascar radiated tortoise,Reptiles,Endangered
Geochelone yniphora,Angulated tortoise,Reptiles,Endangered
Geoclemys hamiltonii,Spotted pond turtle,Reptiles,Endangered
Geopsittacus occidentalis,Night (=Australian) parrot,Birds,Endangered
Geronticus eremita,Northern bald ibis,Birds,Endangered
Gila bicolor ssp.,Hutton tui chub,Fishes,Threatened
Gila bicolor ssp. mohavensis,Mohave tui chub,Fishes,Endangered
Gila bicolor ssp. snyderi,Owens Tui Chub,Fishes,Endangered
Gila boraxobius,Borax Lake chub,Fishes,Endangered
Gila cypha,Humpback chub,Fishes,Endangered
Gila ditaenia,Sonora chub,Fishes,Threatened
Gila elegans,Bonytail chub,Fishes,Endangered
Gila intermedia,Gila chub,Fishes,Endangered
Gila nigrescens,Chihuahua chub,Fishes,Threatened
Gila purpurea,Yaqui chub,Fishes,Endangered
Gila robusta jordani,Pahranagat roundtail chub,Fishes,Endangered
Gila seminuda (=robusta),Virgin River Chub,Fishes,Endangered
Glaucomys sabrinus coloratus,Carolina northern flying squirrel,Mammals,Endangered
Glaucopsyche lygdamus palosverdesensis,Palos Verdes blue butterfly,Insects,Endangered
Gopherus agassizii,Desert tortoise,Reptiles,Threatened
Gopherus agassizii,Desert tortoise,Reptiles,Similarity of Appearance to a Threatened Taxon
Gopherus flavomarginatus,Bolson tortoise,Reptiles,Endangered
Gopherus polyphemus,Gopher tortoise,Reptiles,Threatened
Gorilla gorilla,Gorilla,Mammals,Endangered
Grallaria milleri,Brown-banded antpitta,Birds,Endangered
Graptemys flavimaculata,Yellow-blotched map turtle,Reptiles,Threatened
Graptemys oculifera,Ringed map turtle,Reptiles,Threatened
Grus americana,Whooping crane,Birds,Endangered
Grus americana,Whooping crane,Birds,"Experimental Population, Non-Essential"
Grus americana,Whooping crane,Birds,"Experimental Population, Non-Essential"
Grus americana,Whooping crane,Birds,"Experimental Population, Non-Essential"
Grus canadensis nesiotes,Cuba sandhill crane,Birds,Endangered
Grus canadensis pulla,Mississippi sandhill crane,Birds,Endangered
Grus japonensis,Japanese Crane,Birds,Endangered
Grus leucogeranus,Siberian white Crane,Birds,Endangered
Grus monacha,Hooded Crane,Birds,Endangered
Grus nigricollis,Black-necked Crane,Birds,Endangered
Grus vipio,White-naped Crane,Birds,Endangered
Gymnobelideus leadbeateri,Leadbeater's Possum,Mammals,Endangered
Gymnogyps californianus,California condor,Birds,Endangered
Gymnogyps californianus,California condor,Birds,"Experimental Population, Non-Essential"
Gymnomyza samoensis,Mao (= maomao) (honeyeater),Birds,Endangered
Haematopus meadewaldoi,Canarian black oystercatcher,Birds,Endangered
Haliaeetus albicilla groenlandicus,Greenland white-tailed eagle,Birds,Endangered
Haliaeetus vociferoides,Madagascar sea eagle,Birds,Endangered
Haliotis cracherodii,Black Abalone,Snails,Endangered
Haliotis sorenseni,White Abalone,Snails,Endangered
Hamiota australis,Southern sandshell,Clams,Threatened
Harpia harpyja,Harpy eagle,Birds,Endangered
Helminthoglypta walkeriana,Morro shoulderband (=Banded dune) snail,Snails,Endangered
Hemiargus ceraunus antibubastus,Ceraunus Blue Butterfly,Insects,Similarity of Appearance to a Threatened Taxon
Hemignathus affinis,Maui nukupuu,Birds,Endangered
Hemignathus hanapepe,Kauai nukupuu,Birds,Endangered
Hemignathus wilsoni,akiapolaau,Birds,Endangered
Hemiphaga novaeseelandiae chathamensis,Chatham Island pigeon,Birds,Endangered
Hemistena lata,Cracking pearlymussel,Clams,Endangered
Hemistena lata,Cracking pearlymussel,Clams,"Experimental Population, Non-Essential"
Hemistena lata,Cracking pearlymussel,Clams,"Experimental Population, Non-Essential"
Hemitragus jayakari,Arabian tahr,Mammals,Endangered
Hemitriccus kaempferi,Kaempfer's tody-tyrant,Birds,Endangered
Heraclides aristodemus ponceanus,Schaus swallowtail butterfly,Insects,Endangered
Herpailurus (=Felis) yagouaroundi cacomitli,Gulf Coast jaguarundi,Mammals,Endangered
Herpailurus (=Felis) yagouaroundi fossata,Guatemalan jaguarundi,Mammals,Endangered
Herpailurus (=Felis) yagouaroundi panamensis,Panamanian jaguarundi,Mammals,Endangered
Herpailurus (=Felis) yagouaroundi tolteca,Sinaloan Jaguarundi,Mammals,Endangered
Hesperia dacotae,Dakota Skipper,Insects,Threatened
Hesperia leonardus montana,Pawnee montane skipper,Insects,Threatened
Heterelmis comalensis,Comal Springs riffle beetle,Insects,Endangered
Himantopus mexicanus knudseni,Hawaiian stilt,Birds,Endangered
Himantopus novaezelandiae,Black Stilt,Birds,Endangered
Hippocamelus antisensis,North Andean huemul,Mammals,Endangered
Hippocamelus bisulcus,South Andean huemul,Mammals,Endangered
Hipposideros ridleyi,Singapore roundleaf horseshoe bat,Mammals,Endangered
Hippotragus niger variani,Giant sable antelope,Mammals,Endangered
Huso dauricus,Kaluga sturgeon,Fishes,Endangered
Huso huso,Beluga sturgeon,Fishes,Threatened
Hyaena hyaena barbara,Barbary hyena,Mammals,Endangered
Hybognathus amarus,Rio Grande Silvery Minnow,Fishes,Endangered
Hybognathus amarus,Rio Grande Silvery Minnow,Fishes,"Experimental Population, Non-Essential"
Hylaeus anthracinus,Anthricinan yellow-faced bee,Insects,Endangered
Hylaeus assimulans,Assimulans yellow-faced bee,Insects,Endangered
Hylaeus facilis,Easy yellow-faced bee,Insects,Endangered
Hylaeus kuakea,Hawaiian yellow-faced bee,Insects,Endangered
Hylaeus longiceps,Hawaiian yellow-faced bee,Insects,Endangered
Hylaeus mana,Hawaiian yellow-faced bee,Insects,Endangered
Hylobates spp. (including Nomascus),Gibbons,Mammals,Endangered
Hymenophysa curta,Ayumodoki (loach),Fishes,Endangered
Hypolimnas octocula marianensis,Mariana eight-spot butterfly,Insects,Endangered
Hypomesus transpacificus,Delta smelt,Fishes,Threatened
Hypsipetes borbonicus olivaceus,Mauritius olivaceous Bulbul,Birds,Endangered
Icaricia (Plebejus) shasta charlestonensis,Mount Charleston blue butterfly,Insects,Endangered
Icaricia icarioides fenderi,Fender's blue butterfly,Insects,Endangered
Icaricia icarioides missionensis,Mission blue butterfly,Insects,Endangered
Ictalurus pricei,Yaqui catfish,Fishes,Threatened
Indri indri,Indri lemur,Mammals,Endangered
Ischnura luta,Rota blue damselfly,Insects,Endangered
Isopora crateriformis,No common name,Corals,Threatened
Juturnia kosteri,Koster's springsnail,Snails,Endangered
Kachuga tecta tecta,Indian sawback turtle,Reptiles,Endangered
Kobus leche,Red lechwe,Mammals,Threatened
Lagorchestes hirsutus,Western hare wallaby,Mammals,Endangered
Lagostrophus fasciatus,Banded hare wallaby,Mammals,Endangered
Lagothrix flavicauda,Yellow-tailed woolly monkey,Mammals,Endangered
Lampsilis abrupta,Pink mucket (pearlymussel),Clams,Endangered
Lampsilis altilis,Finelined pocketbook,Clams,Threatened
Lampsilis higginsii,Higgins eye (pearlymussel),Clams,Endangered
Lampsilis perovalis,Orangenacre mucket,Clams,Threatened
Lampsilis powellii,Arkansas fatmucket,Clams,Threatened
Lampsilis rafinesqueana,Neosho Mucket,Clams,Endangered
Lampsilis streckeri,Speckled pocketbook,Clams,Endangered
Lampsilis subangulata,Shinyrayed pocketbook,Clams,Endangered
Lampsilis virescens,Alabama lampmussel,Clams,Endangered
Lampsilis virescens,Alabama lampmussel,Clams,"Experimental Population, Non-Essential"
Lanius ludovicianus mearnsi,San Clemente loggerhead shrike,Birds,Endangered
Lanx sp.,Banbury Springs limpet,Snails,Endangered
Larus audouinii,Audouin's gull,Birds,Endangered
Larus relictus,Relict gull,Birds,Endangered
Lasiorhinus krefftii (formerly L. barnardi and L. gillespiei),Queensland hairy-nosed wombat (incl. Barnard's),Mammals,Endangered
Lasiurus cinereus semotus,Hawaiian hoary bat,Mammals,Endangered
Lasmigona decorata,Carolina heelsplitter,Clams,Endangered
Laterallus tuerosi,Junin rail,Birds,Endangered
Latimeria chalumnae,African coelacanth,Fishes,Threatened
Leiolopisma telfairi,Round Island skink,Reptiles,Threatened
Leiopelma hamiltoni,Stephen Island frog,Amphibians,Endangered
Lemiox rimosus,Birdwing pearlymussel,Clams,Endangered
Lemiox rimosus,Birdwing pearlymussel,Clams,"Experimental Population, Non-Essential"
Lemiox rimosus,Birdwing pearlymussel,Clams,"Experimental Population, Non-Essential"
"Lemuridae (incl. genera Lemur, Phaner, Hapalemur, Lepilemur, Microcebus, Allocebus, Cheirogaleus, Varecia)",Lemurs,Mammals,Endangered
Leontopithecus spp.,Golden-rumped tamarin,Mammals,Endangered
Leopardus (=Felis) pardalis,Ocelot,Mammals,Endangered
Leopardus (=Felis) tigrinus,Tiger cat,Mammals,Endangered
Leopardus (=Felis) wiedii,Margay,Mammals,Endangered
Lepidochelys kempii,Kemp's ridley sea turtle,Reptiles,Endangered
Lepidochelys olivacea,Olive ridley sea turtle,Reptiles,Endangered
Lepidochelys olivacea,Olive ridley sea turtle,Reptiles,Threatened
Lepidomeda albivallis,White River spinedace,Fishes,Endangered
Lepidomeda mollispinis pratensis,Big Spring spinedace,Fishes,Threatened
Lepidomeda vittata,Little Colorado spinedace,Fishes,Threatened
Lepidurus packardi,Vernal pool tadpole shrimp,Crustaceans,Endangered
Leporillus conditor,Stick-nest rat,Mammals,Endangered
Leptailurus (=Felis) serval constantina,Barbary serval,Mammals,Endangered
Leptasthenura xenothorax,White-browed tit-spinetail,Birds,Endangered
Leptodea leptodon,Scaleshell mussel,Clams,Endangered
Leptonycteris curasoae yerbabuenae,Lesser long-nosed bat,Mammals,Endangered
Leptonycteris nivalis,Mexican long-nosed bat,Mammals,Endangered
Leptoptilos dubius,Greater adjutant,Birds,Endangered
Leptotes cassius theonus,Cassius Blue Butterfly,Insects,Similarity of Appearance to a Threatened Taxon
Leptotila rufaxilla wellsi,Grenada gray-fronted dove,Birds,Endangered
Leptoxis ampla,Round rocksnail,Snails,Threatened
Leptoxis foremani,Interrupted (=Georgia) Rocksnail,Snails,Endangered
Leptoxis plicata,Plicate rocksnail,Snails,Endangered
Leptoxis taeniata,Painted rocksnail,Snails,Threatened
Lepyrium showalteri,Flat pebblesnail,Snails,Endangered
Leucopeza semperi,Semper's warbler (=wood),Birds,Endangered
Leucopsar rothschildi,Rothschild's starling (myna),Birds,Endangered
Lichenostomus melanops cassidix (=Meliphaga c.),Helmeted honeyeater,Birds,Endangered
Liophus ornatus,Maria Island snake,Reptiles,Endangered
Lioplax cyclostomaformis,Cylindrical lioplax (snail),Snails,Endangered
Lipotes vexillifer,Chinese River Dolphin,Mammals,Endangered
Lirceus usdagalun,Lee County cave isopod,Crustaceans,Endangered
Lontra (=Lutra) felina,Marine otter,Mammals,Endangered
Lontra (=Lutra) longicaudis (incl. platensis),Long-tailed otter,Mammals,Endangered
Lontra (=Lutra) provocax,Southern river otter,Mammals,Endangered
Lophophorus lhuysii,Chinese monal pheasant,Birds,Endangered
Lophophorus sclateri,Sclater's monal pheasant,Birds,Endangered
Lophura edwardsi,Edward's pheasant,Birds,Endangered
Lophura imperialis,Imperial pheasant,Birds,Endangered
Lophura swinhoii,Swinhoe's pheasant,Birds,Endangered
Loxioides bailleui,Palila (honeycreeper),Birds,Endangered
Loxodonta africana,African elephant,Mammals,Threatened
Loxops caeruleirostris,Akekee,Birds,Endangered
Loxops coccineus,Hawaii akepa,Birds,Endangered
Loxops ochraceus,Maui akepa,Birds,Endangered
Lycaeides argyrognomon lotis,Lotis blue butterfly,Insects,Endangered
Lycaeides melissa samuelis,Karner blue butterfly,Insects,Endangered
Lycaon pictus,African wild dog,Mammals,Endangered
Lynx (=Felis) rufus escuinapae,Mexican bobcat,Mammals,Endangered
Lynx canadensis,Canada Lynx,Mammals,Threatened
Macaca arctoides,Stump-tailed macaque,Mammals,Threatened
Macaca cyclopis,Formosan rock macaque,Mammals,Threatened
Macaca fuscata,Japanese macaque,Mammals,Threatened
Macaca silenus,Lion-tailed macaque,Mammals,Endangered
Macaca sinica,Toque macaque,Mammals,Threatened
Macrocephalon maleo,Maleo megapode,Birds,Endangered
Macropus giganteus tasmaniensis,Tasmanian forester kangaroo,Mammals,Endangered
Macropus parma,Parma wallaby,Mammals,Endangered
Macrotis lagotis,Rabbit bandicoot,Mammals,Endangered
Macrotis leucura,Lesser rabbit bandicoot,Mammals,Endangered
Malaconotus alius,Ulugura bush-shrike,Birds,Threatened
Malimbus ibadanensis,Ibadan malimbe,Birds,Endangered
Mandrillus (=Papio) leucophaeus,Drill,Mammals,Endangered
Mandrillus (=Papio) sphinx,Mandrill,Mammals,Endangered
Manduca blackburni,Blackburn's sphinx moth,Insects,Endangered
Manis temminckii,Temnick's ground Pangolin,Mammals,Endangered
Margaritifera hembeli,Louisiana pearlshell,Clams,Threatened
Margaritifera marrianae,Alabama pearlshell,Clams,Endangered
Marmota vancouverensis,Vancouver Island marmot,Mammals,Endangered
Martes flavigula chrysospila,Formosan yellow-throated marten,Mammals,Endangered
Masticophis lateralis euryxanthus,Alameda whipsnake (=striped racer),Reptiles,Threatened
Meda fulgida,Spikedace,Fishes,Endangered
Medionidus acutissimus,Alabama moccasinshell,Clams,Threatened
Medionidus parvulus,Coosa moccasinshell,Clams,Endangered
Medionidus penicillatus,Gulf moccasinshell,Clams,Endangered
Medionidus simpsonianus,Ochlockonee moccasinshell,Clams,Endangered
Medionidus walkeri,Suwannee moccasinshell,Clams,Threatened
Megadyptes antipodes,yellow-eyed penguin,Birds,Threatened
Megalagrion leptodemas,Crimson Hawaiian damselfly,Insects,Endangered
Megalagrion nesiotes,Flying earwig Hawaiian damselfly,Insects,Endangered
Megalagrion nigrohamatum nigrolineatum,Blackline Hawaiian damselfly,Insects,Endangered
Megalagrion oceanicum,Oceanic Hawaiian damselfly,Insects,Endangered
Megalagrion pacificum,Pacific Hawaiian damselfly,Insects,Endangered
Megalagrion xanthomelas,Orangeblack Hawaiian damselfly,Insects,Endangered
Megalonaias nicklineana,Nicklin's pearlymussel,Clams,Endangered
Megapodius laperouse,Micronesian megapode,Birds,Endangered
Megaptera novaeangliae,Humpback whale,Mammals,Endangered
Megaptera novaeangliae,Humpback whale,Mammals,Endangered
Megaptera novaeangliae,Humpback whale,Mammals,Endangered
Megaptera novaeangliae,Humpback whale,Mammals,Endangered
Megaptera novaeangliae,Humpback whale,Mammals,Threatened
Melamprosops phaeosoma,Po`ouli (honeycreeper),Birds,Endangered
Melanochelys tricarinata,Three-keeled Asian turtle,Reptiles,Endangered
Melanosuchus niger,Black caiman,Reptiles,Endangered
Menidia extensa,Waccamaw silverside,Fishes,Threatened
Mergus octosetaceus,Brazillian merganser,Birds,Endangered
Mesodon clarki nantahala,noonday snail,Snails,Threatened
Microhexura montivaga,Spruce-fir moss spider,Arachnids,Endangered
Microtus californicus scirpensis,Amargosa vole,Mammals,Endangered
Microtus mexicanus hualpaiensis,Hualapai Mexican vole,Mammals,Endangered
Microtus pennsylvanicus dukecampbelli,Florida salt marsh vole,Mammals,Endangered
Mimizuku (=Otus) gurneyi,Giant scops owl,Birds,Endangered
Mimus graysoni,Socorro mockingbird,Birds,Endangered
Mitu mitu mitu,Razor-billed curassow,Birds,Endangered
Moapa coriacea,Moapa dace,Fishes,Endangered
Moho braccatus,Kauai `o`o (honeyeater),Birds,Endangered
Monachus monachus,Mediterranean monk seal,Mammals,Endangered
Monachus schauinslandi,Hawaiian monk seal,Mammals,Endangered
Montipora australiensis,No common name,Corals,Threatened
Morenia ocellata,Burmese peacock turtle,Reptiles,Endangered
Moschus spp. (all species),Musk deer,Mammals,Endangered
Muntiacus feae,Fea's muntjac,Mammals,Endangered
Mustela nigripes,Black-footed ferret,Mammals,Endangered
Mustela nigripes,Black-footed ferret,Mammals,"Experimental Population, Non-Essential"
Myadestes lanaiensis rutha,Molokai thrush,Birds,Endangered
Myadestes myadestinus,Large Kauai (=kamao) Thrush,Birds,Endangered
Myadestes palmeri,Small Kauai (=puaiohi) Thrush,Birds,Endangered
Mycetophyllia ferox,Rough Cactus Coral,Corals,Threatened
Mycteria americana,Wood stork,Birds,Threatened
Myotis grisescens,Gray bat,Mammals,Endangered
Myotis septentrionalis,Northern Long-Eared Bat,Mammals,Threatened
Myotis sodalis,Indiana bat,Mammals,Endangered
Myrmecobius fasciatus,Numbat,Mammals,Endangered
Naemorhedus (=Capricornis) sumatraensis,Serow,Mammals,Endangered
Naemorhedus goral,Goral,Mammals,Endangered
Nasalis concolor,Pagi Island langur,Mammals,Endangered
Nasalis larvatus,Proboscis monkey,Mammals,Endangered
Nectarinia prigoginei,Marungu sunbird,Birds,Endangered
Nectophrynoides spp.,African viviparous toads,Amphibians,Endangered
Nemosia rourei,Cherry-throated tanager,Birds,Endangered
Neofelis nebulosa,Clouded leopard,Mammals,Endangered
Neoleptoneta microps,Government Canyon Bat Cave Spider,Arachnids,Endangered
Neoleptoneta myopica,Tooth Cave Spider,Arachnids,Endangered
Neomorphus geoffroyi dulcis,Southeastern rufous-vented ground cuckoo,Birds,Endangered
Neonympha mitchellii francisci,Saint Francis' satyr butterfly,Insects,Endangered
Neonympha mitchellii mitchellii,Mitchell's satyr Butterfly,Insects,Endangered
Neophema chrysogaster,Orange-bellied parakeet,Birds,Endangered
Neoseps reynoldsi,Sand skink,Reptiles,Threatened
Neotoma floridana smalli,Key Largo woodrat,Mammals,Endangered
Neotoma fuscipes riparia,Riparian woodrat (=San Joaquin Valley),Mammals,Endangered
Neotragus moschatus moschatus,Zanzibar suni,Mammals,Endangered
Nerodia clarkii taeniata,Atlantic salt marsh snake,Reptiles,Threatened
Nerodia erythrogaster neglecta,Copperbelly water snake,Reptiles,Threatened
Nesillas aldabranus,Aldabra Warbler (old world warbler),Birds,Endangered
Newcombia cumingi,Newcomb's Tree snail,Snails,Endangered
Nicrophorus americanus,American burying beetle,Insects,Endangered
Nicrophorus americanus,American burying beetle,Insects,"Experimental Population, Non-Essential"
Nipponia nippon,Japanese crested ibis,Birds,Endangered
Notomys aquilo,Australian native mouse,Mammals,Endangered
Notropis albizonatus,Palezone shiner,Fishes,Endangered
Notropis buccula,Smalleye Shiner,Fishes,Endangered
Notropis cahabae,Cahaba shiner,Fishes,Endangered
Notropis girardi,Arkansas River shiner,Fishes,Threatened
Notropis mekistocholas,Cape Fear shiner,Fishes,Endangered
Notropis oxyrhynchus,Sharpnose Shiner,Fishes,Endangered
Notropis simus pecosensis,Pecos bluntnose shiner,Fishes,Threatened
Notropis topeka (=tristis),Topeka shiner,Fishes,Endangered
Notropis topeka (=tristis),Topeka shiner,Fishes,"Experimental Population, Non-Essential"
Noturus baileyi,Smoky madtom,Fishes,Endangered
Noturus baileyi,Smoky madtom,Fishes,"Experimental Population, Non-Essential"
Noturus crypticus,Chucky Madtom,Fishes,Endangered
Noturus flavipinnis,Yellowfin madtom,Fishes,Threatened
Noturus flavipinnis,Yellowfin madtom,Fishes,"Experimental Population, Non-Essential"
Noturus flavipinnis,Yellowfin madtom,Fishes,"Experimental Population, Non-Essential"
Noturus flavipinnis,Yellowfin madtom,Fishes,"Experimental Population, Non-Essential"
Noturus placidus,Neosho madtom,Fishes,Threatened
Noturus stanauli,Pygmy madtom,Fishes,Endangered
Noturus stanauli,Pygmy madtom,Fishes,"Experimental Population, Non-Essential"
Noturus trautmani,Scioto madtom,Fishes,Endangered
Numenius borealis,Eskimo curlew,Birds,Endangered
Numenius tenuirostris,Slender-billed curlew,Birds,Endangered
Nycticebus pygmaeus,Lesser slow loris,Mammals,Threatened
Oarisma poweshiek,Poweshiek skipperling,Insects,Endangered
Obovaria retusa,Ring pink (mussel),Clams,Endangered
Obovaria retusa,Ring pink (mussel),Clams,"Experimental Population, Non-Essential"
Oceanodroma castro,Band-rumped storm-petrel,Birds,Endangered
Odocoileus hemionus cerrosensis,Cedros Island mule Deer,Mammals,Endangered
Odocoileus virginianus clavium,Key deer,Mammals,Endangered
Odocoileus virginianus leucurus,Columbian white-tailed deer,Mammals,Threatened
Odontophorus strophium,Gorgeted wood-quail,Birds,Endangered
Oncorhynchus (=Salmo) kisutch,Coho salmon,Fishes,Threatened
Oncorhynchus (=Salmo) kisutch,Coho salmon,Fishes,Threatened
Oncorhynchus (=Salmo) kisutch,Coho salmon,Fishes,Endangered
Oncorhynchus (=Salmo) kisutch,Coho salmon,Fishes,Threatened
Oncorhynchus (=Salmo) mykiss,Steelhead,Fishes,Threatened
Oncorhynchus (=Salmo) mykiss,Steelhead,Fishes,Threatened
Oncorhynchus (=Salmo) mykiss,Steelhead,Fishes,Endangered
Oncorhynchus (=Salmo) mykiss,Steelhead,Fishes,Threatened
Oncorhynchus (=Salmo) mykiss,Steelhead,Fishes,Threatened
Oncorhynchus (=Salmo) mykiss,Steelhead,Fishes,Threatened
Oncorhynchus (=Salmo) mykiss,Steelhead,Fishes,Threatened
Oncorhynchus (=Salmo) mykiss,Steelhead,Fishes,Threatened
Oncorhynchus (=Salmo) mykiss,Steelhead,Fishes,Threatened
Oncorhynchus (=Salmo) mykiss,Steelhead,Fishes,Threatened
Oncorhynchus (=Salmo) mykiss,Steelhead,Fishes,"Experimental Population, Non-Essential"
Oncorhynchus (=Salmo) mykiss,Steelhead,Fishes,Threatened
Oncorhynchus (=Salmo) nerka,Sockeye salmon,Fishes,Threatened
Oncorhynchus (=Salmo) nerka,Sockeye salmon,Fishes,Endangered
Oncorhynchus (=Salmo) tshawytscha,Chinook salmon,Fishes,Endangered
Oncorhynchus (=Salmo) tshawytscha,Chinook salmon,Fishes,Threatened
Oncorhynchus (=Salmo) tshawytscha,Chinook salmon,Fishes,Threatened
Oncorhynchus (=Salmo) tshawytscha,Chinook salmon,Fishes,Threatened
Oncorhynchus (=Salmo) tshawytscha,Chinook salmon,Fishes,Threatened
Oncorhynchus (=Salmo) tshawytscha,Chinook salmon,Fishes,Threatened
Oncorhynchus (=Salmo) tshawytscha,Chinook salmon,Fishes,Endangered
Oncorhynchus (=Salmo) tshawytscha,Chinook salmon,Fishes,Threatened
Oncorhynchus (=Salmo) tshawytscha,Chinook salmon,Fishes,Threatened
Oncorhynchus aguabonita whitei,Little Kern golden trout,Fishes,Threatened
Oncorhynchus apache,Apache trout,Fishes,Threatened
Oncorhynchus clarki stomias,Greenback Cutthroat trout,Fishes,Threatened
Oncorhynchus clarkii henshawi,Lahontan cutthroat trout,Fishes,Threatened
Oncorhynchus clarkii seleniris,Paiute cutthroat trout,Fishes,Threatened
Oncorhynchus gilae,Gila trout,Fishes,Threatened
Oncorhynchus keta,Chum salmon,Fishes,Threatened
Oncorhynchus keta,Chum salmon,Fishes,Threatened
Onychogalea fraenata,Brindled nail-tailed wallaby,Mammals,Endangered
Onychogalea lunata,Crescent nail-tailed wallaby,Mammals,Endangered
Orbicella annularis,Lobed Star Coral,Corals,Threatened
Orbicella faveolata,Mountainous Star Coral,Corals,Threatened
Orbicella franksi,Boulder star coral,Corals,Threatened
Orcinus orca,Killer whale,Mammals,Endangered
Orconectes shoupi,Nashville crayfish,Crustaceans,Endangered
Oreomystis bairdi,Akikiki,Birds,Endangered
Oreomystis mana,Hawaii creeper,Birds,Endangered
Oreophasis derbianus,Horned guan,Birds,Endangered
Orthalicus reses (not incl. nesodryas),Stock Island tree snail,Snails,Threatened
Oryx dammah,Scimitar-horned oryx,Mammals,Endangered
Oryx leucoryx,Arabian oryx,Mammals,Endangered
Oryzomys palustris natator,Rice rat,Mammals,Endangered
Osteolaemus tetraspis osborni,Congo dwarf crocodile,Reptiles,Endangered
Osteolaemus tetraspis tetraspis,African dwarf crocodile,Reptiles,Endangered
Ostodes strigatus,Snail [no common name],Snails,Endangered
Otus ireneae,Morden's owlet,Birds,Endangered
Otus magicus (=insularis) insularis,Seychelles scops owl,Birds,Endangered
Otus rutilus capnodes,Anjouan scops owl,Birds,Endangered
Ovis ammon,Argali,Mammals,Endangered
Ovis ammon,Argali,Mammals,Threatened
Ovis canadensis nelsoni,Peninsular bighorn sheep,Mammals,Endangered
Ovis canadensis sierrae,Sierra Nevada bighorn sheep,Mammals,Endangered
Ovis musimon ophion,Urial,Mammals,Endangered
Ovis vignei vignei,Shapo,Mammals,Endangered
Oxyloma haydeni kanabensis,Kanab ambersnail,Snails,Endangered
Ozotoceros bezoarticus,Pampas deer,Mammals,Endangered
Pacifastacus fortis,Shasta crayfish,Crustaceans,Endangered
Palaemonetes cummingi,Squirrel Chimney Cave shrimp,Crustaceans,Threatened
Palaemonias alabamae,Alabama cave shrimp,Crustaceans,Endangered
Palaemonias ganteri,Kentucky cave shrimp,Crustaceans,Endangered
Palmeria dolei,crested honeycreeper (Akohekohe),Birds,Endangered
Pan paniscus,Pygmy chimpanzee,Mammals,Endangered
Pan troglodytes,Chimpanzee,Mammals,Endangered
Pangasianodon gigas,Thailand giant catfish,Fishes,Endangered
Pangasius sanitwongsei,Catfish,Fishes,Endangered
Panthalops hodgsonii,Tibetan antelope,Mammals,Endangered
Panthera leo ssp. leo,Lion,Mammals,Endangered
Panthera leo ssp. melanochaita,Lion,Mammals,Threatened
Panthera onca,Jaguar,Mammals,Endangered
Panthera pardus,Leopard,Mammals,Endangered
Panthera pardus,Leopard,Mammals,Threatened
Panthera tigris,Tiger,Mammals,Endangered
Papasula (=Sula) abbotti,Abbott's booby,Birds,Endangered
Papilio chikae,Luzon peacock swallowtail butterfly,Insects,Endangered
Papilio homerus,Homerus swallowtail butterfly,Insects,Endangered
Papilio hospiton,Corsican swallowtail butterfly,Insects,Endangered
Papustyla pulcherrima,Manus Island tree snail,Snails,Endangered
Parahyaena (=Hyaena) brunnea,Brown Hyena,Mammals,Endangered
Pardofelis (=Felis) marmorata,Marbled cat,Mammals,Endangered
Paroreomyza flammea,Molokai creeper,Birds,Endangered
Paroreomyza maculata,Oahu creeper,Birds,Endangered
Partula gibba,Humped tree snail,Snails,Endangered
Partula langfordi,Langford's tree snail,Snails,Endangered
Partula radiolata,Guam tree snail,Snails,Endangered
Partulina semicarinata,Lanai tree snail,Snails,Endangered
Partulina variabilis,Lanai tree snail,Snails,Endangered
Pavona diffluens,No common name,Corals,Threatened
Pedionomous torquatus,Plain wanderer (=collared-hemipode),Birds,Endangered
Pegias fabula,Littlewing pearlymussel,Clams,Endangered
Peltophryne lemur,Puerto Rican crested toad,Amphibians,Threatened
Penelope albipennis,White-winged guan,Birds,Endangered
Penelope perspicax,Cauca guan,Birds,Endangered
Pentalagus furnessi,Ryukyu rabbit,Mammals,Endangered
Perameles bougainville,Barred bandicoot,Mammals,Endangered
Perameles eremiana,Desert bandicoot,Mammals,Endangered
Percina antesella,Amber darter,Fishes,Endangered
Percina aurolineata,Goldline darter,Fishes,Threatened
Percina jenkinsi,Conasauga logperch,Fishes,Endangered
Percina pantherina,Leopard darter,Fishes,Threatened
Percina rex,Roanoke logperch,Fishes,Endangered
Percina tanasi,Snail darter,Fishes,Threatened
Perognathus longimembris pacificus,Pacific pocket mouse,Mammals,Endangered
Peromyscus gossypinus allapaticola,Key Largo cotton mouse,Mammals,Endangered
Peromyscus polionotus allophrys,Choctawhatchee beach mouse,Mammals,Endangered
Peromyscus polionotus ammobates,Alabama beach mouse,Mammals,Endangered
Peromyscus polionotus niveiventris,Southeastern beach mouse,Mammals,Threatened
Peromyscus polionotus peninsularis,St. Andrew beach mouse,Mammals,Endangered
Peromyscus polionotus phasma,Anastasia Island beach mouse,Mammals,Endangered
Peromyscus polionotus trissyllepsis,Perdido Key beach mouse,Mammals,Endangered
Petrogale xanthopus,Yellow-footed rock wallaby,Mammals,Endangered
Petroica multicolor multicolor,Scarlet-breasted robin (flycatcher),Birds,Endangered
Petroica traversi,Chatham Island robin,Birds,Endangered
Pezoporus wallicus,Ground parrot,Birds,Endangered
Phaenicophaeus pyrrhocephalus,Red-faced malkoha (cuckoo),Birds,Endangered
Phaeognathus hubrichti,Red Hills salamander,Amphibians,Threatened
Phaethornis malaris margarettae,Margaretta's hermit,Birds,Endangered
Pharomachrus mocinno,Resplendent quetzel,Birds,Endangered
Phascolarctos cinereus,Koala,Mammals,Threatened
Phelsuma edwardnewtoni,Day gecko,Reptiles,Endangered
Phelsuma guentheri,Round Island day gecko,Reptiles,Endangered
Phoca (=Pusa) hispida botnica,Ringed Seal,Mammals,Threatened
Phoca (=Pusa) hispida hispida,Ringed Seal,Mammals,Threatened
Phoca (=Pusa) hispida ladogensis,Ringed seal,Mammals,Endangered
Phoca (=Pusa) hispida ochotensis,Ringed Seal,Mammals,Threatened
Phoca hispida saimensis,Saimaa seal,Mammals,Endangered
Phoca largha,Spotted Seal,Mammals,Threatened
Phocoena sinus,Cochito,Mammals,Endangered
Phoebastria (=Diomedea) albatrus,Short-tailed albatross,Birds,Endangered
Phoenicoparrus andinus,Andean flamingo,Birds,Endangered
Phoxinus cumberlandensis,Blackside dace,Fishes,Threatened
Phrynops hogei,Brazilian sideneck turtle,Reptiles,Endangered
Physa natricina,Snake River physa snail,Snails,Endangered
Physeter catodon (=macrocephalus),Sperm whale,Mammals,Endangered
Phytotoma raimondii,Peruvian plantcutter,Birds,Endangered
Picathartes gymnocephalus,White-necked rockfowl,Birds,Endangered
Picathartes oreas,Grey-necked rockfowl,Birds,Endangered
Picoides borealis,Red-cockaded woodpecker,Birds,Endangered
Pionopsitta pileata,Red-capped parrot,Birds,Endangered
Pipile jacutinga,Black-fronted piping-guan,Birds,Endangered
Pipile pipile pipile,Trinidad white-headed curassow,Birds,Endangered
Pipilo crissalis eremophilus,Inyo California towhee,Birds,Threatened
Pithecophaga jefferyi,Philippine eagle,Birds,Endangered
Pitta gurneyi,Gurney's pitta,Birds,Endangered
Pitta kochi,Koch's pitta,Birds,Endangered
Pituophis melanoleucus lodingi,Black pine snake,Reptiles,Threatened
Plagopterus argentissimus,Woundfin,Fishes,Endangered
Plagopterus argentissimus,Woundfin,Fishes,"Experimental Population, Non-Essential"
Planigale ingrami subtilissima,Little planigale,Mammals,Endangered
Planigale tenuirostris,Southern planigale,Mammals,Endangered
Platanista gangetica minor,South Asian River dolphin,Mammals,Endangered
Platysteira laticincta,Banded wattle-eye,Birds,Endangered
Plethobasus cicatricosus,White wartyback (pearlymussel),Clams,Endangered
Plethobasus cicatricosus,White wartyback (pearlymussel),Clams,"Experimental Population, Non-Essential"
Plethobasus cooperianus,Orangefoot pimpleback (pearlymussel),Clams,Endangered
Plethobasus cooperianus,Orangefoot pimpleback (pearlymussel),Clams,"Experimental Population, Non-Essential"
Plethobasus cyphyus,Sheepnose Mussel,Clams,Endangered
Plethodon neomexicanus,Jemez Mountains salamander,Amphibians,Endangered
Plethodon nettingi,Cheat Mountain salamander,Amphibians,Threatened
Plethodon shenandoah,Shenandoah salamander,Amphibians,Endangered
Pleurobema clava,Clubshell,Clams,Endangered
Pleurobema clava,Clubshell,Clams,"Experimental Population, Non-Essential"
Pleurobema collina,James spinymussel,Clams,Endangered
Pleurobema curtum,Black clubshell,Clams,Endangered
Pleurobema decisum,Southern clubshell,Clams,Endangered
Pleurobema furvum,Dark pigtoe,Clams,Endangered
Pleurobema georgianum,Southern pigtoe,Clams,Endangered
Pleurobema gibberum,Cumberland pigtoe,Clams,Endangered
Pleurobema hanleyianum,Georgia pigtoe,Clams,Endangered
Pleurobema marshalli,Flat pigtoe,Clams,Endangered
Pleurobema perovatum,Ovate clubshell,Clams,Endangered
Pleurobema plenum,Rough pigtoe,Clams,Endangered
Pleurobema plenum,Rough pigtoe,Clams,"Experimental Population, Non-Essential"
Pleurobema pyriforme,Oval pigtoe,Clams,Endangered
Pleurobema strodeanum,Fuzzy pigtoe,Clams,Threatened
Pleurobema taitianum,Heavy pigtoe,Clams,Endangered
Pleurocera foremani,Rough hornsnail,Snails,Endangered
Pleuronaia dolabelloides,Slabside Pearlymussel,Clams,Endangered
Ploceus golandi,Clarke's weaver,Birds,Endangered
Podarcis pityusensis,Ibiza wall lizard,Reptiles,Threatened
Podiceps taczanowskii,Junin grebe,Birds,Endangered
Podilymbus gigas,Atitlan grebe,Birds,Endangered
Podocnemis expansa,Tartaruga,Reptiles,Endangered
Podocnemis unifilis,Tracaja,Reptiles,Endangered
Poeciliopsis occidentalis,Gila topminnow (incl. Yaqui),Fishes,Endangered
Polioptila californica californica,Coastal California gnatcatcher,Birds,Threatened
Polyborus plancus audubonii,Audubon's crested caracara,Birds,Threatened
Polygyriscus virginianus,Virginia fringed mountain snail,Snails,Endangered
Polyphylla barbata,Mount Hermon June beetle,Insects,Endangered
Polyplectron emphanum,Palawan peacock pheasant,Birds,Endangered
Polysticta stelleri,Steller's Eider,Birds,Threatened
Pomarea nigra,Tahiti flycatcher,Birds,Endangered
Pongo pygmaeus,Orangutan,Mammals,Endangered
Porites napopora,No common name,Corals,Threatened
Potamilus capax,Fat pocketbook,Clams,Endangered
Potamilus inflatus,Alabama (=inflated) heelsplitter,Clams,Threatened
Presbytis potenziani,Long-tailed langur,Mammals,Threatened
Presbytis senex,Purple-faced langur,Mammals,Threatened
Prietella phreatophila,Mexican blindcat (catfish),Fishes,Endangered
Priodontes maximus,Giant armadillo,Mammals,Endangered
Prionailurus (=Felis) bengalensis bengalensis,Leopard cat,Mammals,Endangered
Prionailurus (=Felis) bengalensis iriomotensis,Iriomote cat,Mammals,Endangered
Prionailurus (=Felis) planiceps,Flat-headed cat,Mammals,Endangered
Prionodon pardicolor,Spotted linsang,Mammals,Endangered
Pristis clavata,Dwarf sawfish,Fishes,Endangered
Pristis pectinata,Smalltooth sawfish,Fishes,Endangered
Pristis pectinata,Smalltooth sawfish,Fishes,Endangered
Pristis pristis,Largetooth Sawfish,Fishes,Endangered
Pristis zijsron,Green sawfish,Fishes,Endangered
Probarbus jullieni,Ikan temoleh (minnow),Fishes,Endangered
Procaris hawaiana,Anchialine pool Shrimp,Crustaceans,Endangered
Procolobus (=Colobus) pennantii (=kirki) kirki,Zanzibar red colobus monkey,Mammals,Endangered
Procolobus (=Colobus) preussi (=badius p.),Preuss' red colobus monkey,Mammals,Endangered
Procolobus (=Colobus) rufomitratus (=badius r.),Tana River red colobus monkey,Mammals,Endangered
Propithecus spp.,Sifakas,Mammals,Endangered
Psammobates geometricus,Geometric turtle,Reptiles,Endangered
Psephotus chrysopterygius,Golden-shouldered parakeet,Birds,Endangered
Psephotus pulcherrimus,Paradise parakeet,Birds,Endangered
Pseudemydura umbrina,Short-necked or western swamp turtle,Reptiles,Endangered
Pseudemys alabamensis,Alabama red-bellied turtle,Reptiles,Endangered
Pseudemys rubriventris bangsi,Plymouth Redbelly Turtle,Reptiles,Endangered
Pseudibis gigantea,Giant ibis,Birds,Endangered
Pseudobulweria macgillivrayi,Fiji petrel,Birds,Endangered
Pseudocopaeodes eunus obscurus,Carson wandering skipper,Insects,Endangered
Pseudomys fieldi,Field's mouse,Mammals,Endangered
Pseudomys fumeus,Smoky mouse,Mammals,Endangered
Pseudomys gouldii,Gould's mouse,Mammals,Endangered
Pseudomys novaehollandiae,New Holland mouse,Mammals,Endangered
Pseudomys occidentalis,Western mouse,Mammals,Endangered
Pseudomys praeconis,Shark Bay mouse,Mammals,Endangered
Pseudomys shortridgei,Shortridge's mouse,Mammals,Endangered
Pseudonestor xanthophrys,Maui parrotbill (Kiwikiu),Birds,Endangered
Pseudorca crassidens,false killer whale,Mammals,Endangered
Pseudotryonia adamantina,Diamond Tryonia,Snails,Endangered
Psittacula echo,Mauritius parakeet,Birds,Endangered
Psittirostra psittacea,`O`u (honeycreeper),Birds,Endangered
Psophodes nigrogularis,Western whipbird,Birds,Endangered
Pterodroma aterrima,Mascarene black petrel,Birds,Endangered
Pterodroma axillaris,Chatham Island petrel,Birds,Endangered
Pterodroma cahow,Bermuda petrel,Birds,Endangered
Pterodroma madeira,Freira,Birds,Endangered
Pterodroma magentae,Magenta petrel,Birds,Endangered
Pterodroma phaeopygia,Galapagos petrel,Birds,Threatened
Pterodroma sandwichensis,Hawaiian petrel,Birds,Endangered
Pteronura brasiliensis,Giant otter,Mammals,Endangered
Pteropus mariannus mariannus,Mariana fruit Bat (=Mariana flying fox),Mammals,Threatened
Pteropus rodricensis,Rodrigues fruit bat (=flying fox),Mammals,Endangered
Pteropus tokudae,Little Mariana fruit Bat,Mammals,Endangered
Ptychobranchus greenii,Triangular Kidneyshell,Clams,Endangered
Ptychobranchus jonesi,Southern kidneyshell,Clams,Endangered
Ptychobranchus subtentum,Fluted kidneyshell,Clams,Endangered
Ptychocheilus lucius,Colorado pikeminnow (=squawfish),Fishes,Endangered
Ptychocheilus lucius,Colorado pikeminnow (=squawfish),Fishes,"Experimental Population, Non-Essential"
Pudu pudu,Pudu,Mammals,Endangered
Puffinus auricularis newelli,Newell's Townsend's shearwater,Birds,Threatened
Puffinus heinrothi,Heinroth's shearwater,Birds,Threatened
Puma (=Felis) concolor (all subsp. except coryi),Puma (=mountain lion),Mammals,Similarity of Appearance to a Threatened Taxon
Puma (=Felis) concolor coryi,Florida panther,Mammals,Endangered
Puma (=Felis) concolor costaricensis,Costa Rican puma,Mammals,Endangered
Puma (=Felis) concolor couguar,Eastern puma (=cougar),Mammals,Endangered
Pygathrix nemaeus,Douc langur,Mammals,Endangered
Pyrgulopsis (=Marstonia) pachyta,Armored snail,Snails,Endangered
Pyrgulopsis bernardina,San Bernardino springsnail,Snails,Threatened
Pyrgulopsis bruneauensis,Bruneau Hot springsnail,Snails,Endangered
Pyrgulopsis chupaderae,Chupadera springsnail,Snails,Endangered
Pyrgulopsis neomexicana,Socorro springsnail,Snails,Endangered
Pyrgulopsis ogmorhaphe,Royal marstonia (snail),Snails,Endangered
Pyrgulopsis roswellensis,Roswell springsnail,Snails,Endangered
Pyrgulopsis texana,Phantom Springsnail,Snails,Endangered
Pyrgulopsis trivialis,Three Forks Springsnail,Snails,Endangered
Pyrgus ruralis lagunae,Laguna Mountains skipper,Insects,Endangered
Pyriglena atra,Fringe-backed fire-eye,Birds,Endangered
Pyrrhula pyrrhula murina,Sao Miguel bullfinch (finch),Birds,Endangered
Pyrrhura cruentata,Blue-throated (=ochre-marked) parakeet,Birds,Endangered
Python molurus molurus,Indian python,Reptiles,Endangered
Quadrula cylindrica cylindrica,Rabbitsfoot,Clams,Threatened
Quadrula cylindrica strigillata,Rough rabbitsfoot,Clams,Endangered
Quadrula fragosa,Winged Mapleleaf,Clams,Endangered
Quadrula fragosa,Winged Mapleleaf,Clams,"Experimental Population, Non-Essential"
Quadrula intermedia,Cumberland monkeyface (pearlymussel),Clams,Endangered
Quadrula intermedia,Cumberland monkeyface (pearlymussel),Clams,"Experimental Population, Non-Essential"
Quadrula intermedia,Cumberland monkeyface (pearlymussel),Clams,"Experimental Population, Non-Essential"
Quadrula sparsa,Appalachian monkeyface (pearlymussel),Clams,Endangered
Quadrula sparsa,Appalachian monkeyface (pearlymussel),Clams,"Experimental Population, Non-Essential"
Quadrula stapes,Stirrupshell,Clams,Endangered
Quisicalus palustris,Slender-billed Grackle,Birds,Endangered
Rallus longirostris levipes,Light-footed clapper rail,Birds,Endangered
Rallus longirostris obsoletus,California clapper rail,Birds,Endangered
Rallus longirostris yumanensis,Yuma clapper rail,Birds,Endangered
Rallus owstoni,Guam rail,Birds,Endangered
Rallus owstoni,Guam rail,Birds,"Experimental Population, Non-Essential"
Rallus pectoralis muelleri,Aukland Island rail,Birds,Endangered
Ramphocinclus brachyurus,White-breasted thrasher,Birds,Endangered
Ramphodon (=Glaucis) dohrnii,Hook-billed hermit (hummingbird),Birds,Endangered
Rana chiricahuensis,Chiricahua leopard frog,Amphibians,Threatened
Rana draytonii,California red-legged frog,Amphibians,Threatened
Rana muscosa,Mountain yellow-legged frog,Amphibians,Endangered
Rana muscosa,Mountain yellow-legged frog,Amphibians,Endangered
Rana pretiosa,Oregon spotted frog,Amphibians,Threatened
Rana sevosa,dusky gopher frog,Amphibians,Endangered
Rana sierrae,Sierra Nevada Yellow-legged Frog,Amphibians,Endangered
Rangifer tarandus caribou,Woodland caribou,Mammals,Endangered
Reithrodontomys raviventris,Salt marsh harvest mouse,Mammals,Endangered
Rhadine exilis,[no common name] Beetle,Insects,Endangered
Rhadine infernalis,[no common name] Beetle,Insects,Endangered
Rhadine persephone,Tooth Cave ground beetle,Insects,Endangered
Rhaphiomidas terminatus abdominalis,Delhi Sands flower-loving fly,Insects,Endangered
Rhea (=Pterocnemia) pennata,Lesser rhea (incl. Darwin's),Birds,Endangered
Rhinichthys osculus lethoporus,Independence Valley speckled dace,Fishes,Endangered
Rhinichthys osculus nevadensis,Ash Meadows speckled dace,Fishes,Endangered
Rhinichthys osculus oligoporus,Clover Valley speckled dace,Fishes,Endangered
Rhinichthys osculus ssp.,Foskett speckled dace,Fishes,Threatened
Rhinichthys osculus thermalis,Kendall Warm Springs dace,Fishes,Endangered
Rhinoceros sondaicus,Javan rhinoceros,Mammals,Endangered
Rhinoceros unicornis,Great Indian rhinoceros,Mammals,Endangered
Rhinopithecus avunculus,Tonkin snub-nosed monkey,Mammals,Endangered
Rhinopithecus bieti,Yunnan snub-nosed monkey,Mammals,Endangered
Rhinopithecus brelichi,Guizhou snub-nosed monkey,Mammals,Endangered
Rhinopithecus roxellana,Sichuan snub-nosed monkey,Mammals,Endangered
Rhinoptilus bitorquatus,Jerdon's courser,Birds,Endangered
Rhodonessa caryophyllacea,Pink-headed duck,Birds,Endangered
Rhynchopsitta pachyrhyncha,Thick-billed parrot,Birds,Endangered
Rhynochetos jubatus,Kagu,Birds,Endangered
Romerolagus diazi,Volcano rabbit,Mammals,Endangered
Rostrhamus sociabilis plumbeus,Everglade snail kite,Birds,Endangered
Rukia longirostra,Ponape greater white-eye,Birds,Endangered
Rupicapra rupicapra ornata,Apennine chamois,Mammals,Endangered
Saguinus bicolor,Pied tamarin,Mammals,Endangered
Saguinus leucopus,White-footed tamarin,Mammals,Threatened
Saguinus oedipus,Cotton-top tamarin,Mammals,Endangered
Saiga tatarica mongolica,Mongolian saiga (antelope),Mammals,Endangered
Saimiri oerstedii,Red-backed squirrel monkey,Mammals,Endangered
Salmo platycephalus,Ala balik (trout),Fishes,Endangered
Salmo salar,Atlantic salmon,Fishes,Endangered
Salvelinus confluentus,Bull Trout,Fishes,Threatened
Salvelinus confluentus,Bull Trout,Fishes,"Experimental Population, Non-Essential"
Samoana fragilis,Fragile tree snail,Snails,Endangered
Sauromalus varius,San Esteban Island chuckwalla,Reptiles,Endangered
Scaphirhynchus albus,Pallid sturgeon,Fishes,Endangered
Scaphirhynchus platorynchus,Shovelnose Sturgeon,Fishes,Similarity of Appearance to a Threatened Taxon
Scaphirhynchus suttkusi,Alabama sturgeon,Fishes,Endangered
Scleropages formosus,Asian bonytongue,Fishes,Endangered
Sebastes paucispinis,Bocaccio,Fishes,Endangered
Sebastes pinniger,canary rockfish,Fishes,Threatened
Sebastes ruberrimus,yelloweye rockfish,Fishes,Threatened
Semnopithecus (=Presbytis) entellus,Gray (=entellus) langur,Mammals,Endangered
Seriatopora aculeata,No common name,Corals,Threatened
Setonix brachyurus,Quokka,Mammals,Endangered
Setophaga angelae,Elfin-woods warbler,Birds,Threatened
Setophaga kirtlandii (= Dendroica kirtlandii),Kirtland's Warbler,Birds,Endangered
Sistrurus catenatus,Eastern Massasauga (=rattlesnake),Reptiles,Threatened
Sitta ledanti,Algerian nuthatch,Birds,Endangered
Sminthopsis longicaudata,Long-tailed marsupial-mouse,Mammals,Endangered
Sminthopsis psammophila,Large desert marsupial-mouse,Mammals,Endangered
Solenodon cubanus,Cuban solenodon,Mammals,Endangered
Solenodon paradoxus,Haitian solenodon,Mammals,Endangered
Somateria fischeri,Spectacled eider,Birds,Threatened
Somatochlora hineana,Hine's emerald dragonfly,Insects,Endangered
Sorex ornatus relictus,Buena Vista Lake ornate Shrew,Mammals,Endangered
Spelaeorchestia koloana,Kauai cave amphipod,Crustaceans,Endangered
Speoplatyrhinus poulsoni,Alabama cavefish,Fishes,Endangered
Speyeria callippe callippe,Callippe silverspot butterfly,Insects,Endangered
Speyeria zerene behrensii,Behren's silverspot butterfly,Insects,Endangered
Speyeria zerene hippolyta,Oregon silverspot butterfly,Insects,Threatened
Speyeria zerene myrtleae,Myrtle's silverspot butterfly,Insects,Endangered
Sphaerodactylus micropithecus,Monito gecko,Reptiles,Endangered
Spheniscus demersus,African penguin,Birds,Endangered
Spheniscus humboldti,Humboldt penguin,Birds,Threatened
Spheniscus mendiculus,Galapagos penguin,Birds,Endangered
Sphenodon guntheri,Brother's Island tuatara,Reptiles,Endangered
Sphenodon punctatus,Tuatara,Reptiles,Endangered
Sphyrna lewini,Scalloped Hammerhead Shark,Fishes,Endangered
Sphyrna lewini,Scalloped Hammerhead Shark,Fishes,Endangered
Sphyrna lewini,Scalloped Hammerhead Shark,Fishes,Threatened
Sphyrna lewini,Scalloped Hammerhead Shark,Fishes,Threatened
Sterna antillarum,Least tern,Birds,Endangered
Sterna antillarum browni,California least tern,Birds,Endangered
Sterna dougallii dougallii,Roseate tern,Birds,Endangered
Sterna dougallii dougallii,Roseate tern,Birds,Threatened
Sternotherus depressus,Flattened musk turtle,Reptiles,Threatened
Streptocephalus woottoni,Riverside fairy shrimp,Crustaceans,Endangered
Streptopelia picturata rostrata,Seychelles turtle dove,Birds,Endangered
Strigops habroptilus,Kakapo,Birds,Endangered
Strix occidentalis caurina,Northern spotted owl,Birds,Threatened
Strix occidentalis lucida,Mexican spotted owl,Birds,Threatened
Struthio camelus spatzi,West African ostrich,Birds,Endangered
Struthio camelus syriacus,Arabian ostrich,Birds,Endangered
Strymon acis bartrami,Bartram's hairstreak Butterfly,Insects,Endangered
Stygobromus (=Stygonectes) pecki,Peck's cave amphipod,Crustaceans,Endangered
Stygobromus hayi,Hay's Spring amphipod,Crustaceans,Endangered
Stygoparnus comalensis,Comal Springs dryopid beetle,Insects,Endangered
Succinea chittenangoensis,Chittenango ovate amber snail,Snails,Threatened
Sus salvanius,Pygmy hog,Mammals,Endangered
Sylvilagus bachmani riparius,Riparian brush rabbit,Mammals,Endangered
Sylvilagus palustris hefneri,Lower Keys marsh rabbit,Mammals,Endangered
Symphalangus syndactylus,Siamang,Mammals,Endangered
Syncaris pacifica,California freshwater shrimp,Crustaceans,Endangered
Syrmaticus ellioti,Elliot's pheasant,Birds,Endangered
Syrmaticus humaie,Bar-tailed pheasant,Birds,Endangered
Syrmaticus mikado,Mikado pheasant,Birds,Endangered
Tachybaptus rufolavatus,Alaotra Grebe,Birds,Endangered
Tamiasciurus hudsonicus grahamensis,Mount Graham red squirrel,Mammals,Endangered
Tanakia tanago,Miyako tango (=Toyko bitterling),Fishes,Endangered
Tapirus bairdii,Central American tapir,Mammals,Endangered
Tapirus indicus,Asian tapir,Mammals,Endangered
Tapirus pinchaque,Mountain tapir,Mammals,Endangered
Tapirus terrestris,South American (=Brazilian) tapir,Mammals,Endangered
Tarsius syrichta,Philippine tarsier,Mammals,Threatened
Tartarocreagris texana,Tooth Cave pseudoscorpion,Arachnids,Endangered
Tauraco bannermani,Bannerman's turaco,Birds,Endangered
Taurotragus derbianus derbianus,Western giant eland,Mammals,Endangered
Taylorconcha serpenticola,Bliss Rapids snail,Snails,Threatened
Telespyza cantans,Laysan finch (honeycreeper),Birds,Endangered
Telespyza ultima,Nihoa finch (honeycreeper),Birds,Endangered
Terpsiphone corvina,Seychelles paradise flycatcher,Birds,Endangered
Terrapene coahuila,Aquatic box turtle,Reptiles,Endangered
Tetrao urogallus cantabricus,Cantabrian capercaillie,Birds,Endangered
Texamaurops reddelli,Kretschmarr Cave mold beetle,Insects,Endangered
Texella cokendolpheri,Cokendolpher Cave Harvestman,Arachnids,Endangered
Texella reddelli,Bee Creek Cave harvestman,Arachnids,Endangered
Texella reyesi,Bone Cave harvestman,Arachnids,Endangered
Thaleichthys pacificus,Eulachon,Fishes,Threatened
Thamnophis eques megalops,Northern Mexican gartersnake,Reptiles,Threatened
Thamnophis gigas,Giant garter snake,Reptiles,Threatened
Thamnophis rufipunctatus,Narrow-headed gartersnake,Reptiles,Threatened
Thamnophis sirtalis tetrataenia,San Francisco garter snake,Reptiles,Endangered
Thermosphaeroma thermophilus,Socorro isopod,Crustaceans,Endangered
Theropithecus gelada,Gelada baboon,Mammals,Threatened
Thinornis novaeseelandiae,New Zealand shore plover,Birds,Endangered
Thomomys mazama glacialis,Roy Prairie pocket gopher,Mammals,Threatened
Thomomys mazama pugetensis,Olympia pocket gopher,Mammals,Threatened
Thomomys mazama tumuli,Tenino pocket gopher,Mammals,Threatened
Thomomys mazama yelmensis,Yelm pocket gopher,Mammals,Threatened
Thylacinus cynocephalus,Tasmanian tiger,Mammals,Endangered
Tiaroga cobitis,Loach minnow,Fishes,Endangered
Tinamus solitarius,Solitary tinamou,Birds,Endangered
Todiramphus cinnamominus,Guam kingfisher,Birds,Endangered
Tomistoma schlegelii,Tomistoma,Reptiles,Endangered
Toxolasma cylindrellus,Pale lilliput (pearlymussel),Clams,Endangered
Trachemys scripta callirostris,South American red-lined turtle,Reptiles,Endangered
Trachemys stejnegeri malonei,Inagua Island turtle,Reptiles,Endangered
Trachemys terrapen,Cat Island turtle,Reptiles,Endangered
Trachypithecus (=Presbytis) francoisi,Francois' langur,Mammals,Endangered
Trachypithecus (=Presbytis) geei,Golden langur,Mammals,Endangered
Trachypithecus (=Presbytis) pileatus,Capped Langur,Mammals,Endangered
Tragopan blythii,Blyth's tragopan pheasant,Birds,Endangered
Tragopan caboti,Cabot's tragopan pheasant,Birds,Endangered
Tragopan melanocephalus,Western tragopan pheasant,Birds,Endangered
Trichechus inunguis,Amazonian manatee,Mammals,Endangered
Trichechus manatus,West Indian Manatee,Mammals,Threatened
Trichechus senegalensis,West African manatee,Mammals,Threatened
Trichocichla rufa,Long-legged warbler,Birds,Endangered
Trimerotropis infantilis,Zayante band-winged grasshopper,Insects,Endangered
Tringa guttifer,Nordmann's greenshank,Birds,Endangered
Triodopsis platysayoides,Flat-spired three-toothed Snail,Snails,Threatened
Trionyx ater,Cuatro Cienegas softshell turtle,Reptiles,Endangered
Trionyx gangeticus,Indian softshell turtle,Reptiles,Endangered
Trionyx hurum,Peacock softshell turtle,Reptiles,Endangered
Trionyx nigricans,Black softshell turtle,Reptiles,Endangered
Troglodytes aedon guadeloupensis,Guadeloupe house wren,Birds,Endangered
Troglodytes aedon mesoleucus,St. Lucia house wren,Birds,Endangered
Troides alexandrae,Queen Alexandra's birdwing butterfly,Insects,Endangered
Tryonia alamosae,Alamosa springsnail,Snails,Endangered
Tryonia cheatumi,Phantom Tryonia,Snails,Endangered
Tryonia circumstriata (=stocktonensis),Gonzales tryonia,Snails,Endangered
Tulotoma magnifica,Tulotoma snail,Snails,Threatened
Turdus olivaceus helleri,Taita thrush,Birds,Endangered
Turnagra capensis,New Zealand thrush (wattlebird),Birds,Endangered
Tympanuchus cupido attwateri,Attwater's greater prairie-chicken,Birds,Endangered
Typhlomolge rathbuni,Texas blind salamander,Amphibians,Endangered
Tyto soumagnei,Madagascar red owl,Birds,Endangered
Uma inornata,Coachella Valley fringe-toed lizard,Reptiles,Threatened
Uncia (=Panthera) uncia,Snow leopard,Mammals,Endangered
Uratelornis chimaera,Long-tailed ground roller,Birds,Endangered
Urocitellus brunneus,Northern Idaho Ground Squirrel,Mammals,Threatened
Urocyon littoralis catalinae,Santa Catalina Island Fox,Mammals,Threatened
Ursus arctos,Mexican grizzly bear,Mammals,Endangered
Ursus arctos arctos,Brown bear,Mammals,Endangered
Ursus arctos horribilis,Grizzly bear,Mammals,"Experimental Population, Non-Essential"
Ursus arctos horribilis,Grizzly bear,Mammals,Threatened
Ursus arctos pruinosus,Brown bear,Mammals,Endangered
Ursus maritimus,Polar bear,Mammals,Threatened
Ursus thibetanus gedrosianus,Baluchistan bear,Mammals,Endangered
Vagrans egistina,Mariana wandering butterfly,Insects,Endangered
Varanus bengalensis,Indian (=Bengal) monitor,Reptiles,Endangered
Varanus flavescens,Yellow monitor,Reptiles,Endangered
Varanus griseus,Desert monitor,Reptiles,Endangered
Varanus komodoensis,Komodo Island monitor,Reptiles,Endangered
Vermivora bachmanii,Bachman's warbler (=wood),Birds,Endangered
Vetericaris chaceorum,Anchialine pool shrimp,Crustaceans,Endangered
Vicugna vicugna,Vicuna,Mammals,Endangered
Vicugna vicugna,Vicuna,Mammals,Threatened
Villosa choctawensis,Choctaw bean,Clams,Endangered
Villosa fabalis,Rayed Bean,Clams,Endangered
Villosa perpurpurea,Purple bean,Clams,Endangered
Villosa trabalis,Cumberland bean (pearlymussel),Clams,Endangered
Villosa trabalis,Cumberland bean (pearlymussel),Clams,"Experimental Population, Non-Essential"
Villosa trabalis,Cumberland bean (pearlymussel),Clams,"Experimental Population, Non-Essential"
Vipera latifii,Lar Valley viper,Reptiles,Endangered
Vireo atricapilla,Black-capped Vireo,Birds,Endangered
Vireo bellii pusillus,Least Bell's vireo,Birds,Endangered
Viverra civettina (=megaspila c.),Malabar large-spotted civet,Mammals,Endangered
Vulpes macrotis mutica,San Joaquin kit fox,Mammals,Endangered
Vulpes velox hebes,Northern swift fox,Mammals,Endangered
Vultur gryphus,Andean condor,Birds,Endangered
Wyulda squamicaudata,Scaly-tailed possum,Mammals,Endangered
Xenicus longipes,New Zealand bushwren,Birds,Endangered
Xenopirostris damii,Van Dam's vanga,Birds,Threatened
Xenopirostris polleni,Pollen's vanga,Birds,Threatened
Xeromys myoides,False water rat,Mammals,Endangered
Xipholena atropurpurea,White-winged cotinga,Birds,Endangered
Xyrauchen texanus,Razorback sucker,Fishes,Endangered
Zapus hudsonius luteus,New Mexico meadow jumping mouse,Mammals,Endangered
Zapus hudsonius preblei,Preble's meadow jumping mouse,Mammals,Threatened
Zosterops albogularis,Norfolk Island white-eye,Birds,Endangered
Zosterops conspicillatus conspicillatus,Bridled white-eye,Birds,Endangered
Zosterops modesta,Seychelles white-eye,Birds,Endangered
Zosterops rotensis,Rota bridled White-eye,Birds,Endangered
Zyzomys pedunculatus,Australian native mouse,Mammals,Endangered